Date,State,Confirmed,Deceased,Recovered
01-Apr-20,AN,0,0,0
01-Apr-20,AP,67,0,1
01-Apr-20,AR,0,0,0
01-Apr-20,AS,15,0,0
01-Apr-20,BR,3,0,0
01-Apr-20,CH,2,0,0
01-Apr-20,CT,0,0,0
01-Apr-20,DD,0,0,0
01-Apr-20,DL,32,0,0
01-Apr-20,DN,0,0,0
01-Apr-20,GA,0,0,0
01-Apr-20,GJ,13,0,0
01-Apr-20,HP,0,0,0
01-Apr-20,HR,0,0,10
01-Apr-20,JH,0,0,0
01-Apr-20,JK,7,0,1
01-Apr-20,KA,9,0,1
01-Apr-20,KL,24,0,2
01-Apr-20,LA,0,0,0
01-Apr-20,LD,0,0,0
01-Apr-20,MH,33,3,0
01-Apr-20,ML,0,0,0
01-Apr-20,MN,0,0,0
01-Apr-20,MP,32,1,0
01-Apr-20,MZ,0,0,0
01-Apr-20,NL,0,0,0
01-Apr-20,OR,1,0,1
01-Apr-20,PB,4,0,0
01-Apr-20,PY,2,0,0
01-Apr-20,RJ,27,0,0
01-Apr-20,SK,0,0,0
01-Apr-20,TG,30,3,0
01-Apr-20,TN,110,0,0
01-Apr-20,TR,0,0,0
01-Apr-20,TT,424,9,16
01-Apr-20,UN,0,0,0
01-Apr-20,UP,13,2,0
01-Apr-20,UT,0,0,0
01-Apr-20,WB,0,0,0
01-Jul-20,AN,3,0,5
01-Jul-20,AP,657,6,477
01-Jul-20,AR,4,0,4
01-Jul-20,AS,548,0,184
01-Jul-20,BR,216,5,267
01-Jul-20,CH,6,0,3
01-Jul-20,CT,82,1,53
01-Jul-20,DD,0,0,0
01-Jul-20,DL,2442,61,1644
01-Jul-20,DN,16,0,27
01-Jul-20,GA,72,1,74
01-Jul-20,GJ,675,21,368
01-Jul-20,HP,26,0,42
01-Jul-20,HR,393,4,527
01-Jul-20,JH,35,0,47
01-Jul-20,JK,198,4,134
01-Jul-20,KA,1272,7,145
01-Jul-20,KL,151,1,132
01-Jul-20,LA,17,0,46
01-Jul-20,LD,0,0,0
01-Jul-20,MH,5537,198,2243
01-Jul-20,ML,2,0,0
01-Jul-20,MN,26,0,26
01-Jul-20,MP,268,9,260
01-Jul-20,MZ,0,0,1
01-Jul-20,NL,42,0,14
01-Jul-20,OR,251,1,164
01-Jul-20,PB,100,5,122
01-Jul-20,PY,25,0,29
01-Jul-20,RJ,304,8,354
01-Jul-20,SK,1,0,2
01-Jul-20,TG,1018,7,788
01-Jul-20,TN,3882,63,2852
01-Jul-20,TR,8,0,1
01-Jul-20,TT,19429,438,12064
01-Jul-20,UN,-89,0,0
01-Jul-20,UP,564,21,545
01-Jul-20,UT,66,0,86
01-Jul-20,WB,611,15,398
01-Jun-20,AN,0,0,0
01-Jun-20,AP,105,2,34
01-Jun-20,AR,18,0,0
01-Jun-20,AS,146,0,99
01-Jun-20,BR,138,0,221
01-Jun-20,CH,4,0,15
01-Jun-20,CT,49,0,7
01-Jun-20,DD,0,0,0
01-Jun-20,DL,990,50,268
01-Jun-20,DN,1,0,0
01-Jun-20,GA,2,0,6
01-Jun-20,GJ,423,25,861
01-Jun-20,HP,9,0,2
01-Jun-20,HR,265,1,7
01-Jun-20,JH,26,0,40
01-Jun-20,JK,155,3,19
01-Jun-20,KA,187,1,100
01-Jun-20,KL,57,1,18
01-Jun-20,LA,0,0,0
01-Jun-20,LD,0,0,0
01-Jun-20,MH,2358,76,779
01-Jun-20,ML,1,0,0
01-Jun-20,MN,12,0,0
01-Jun-20,MP,194,8,161
01-Jun-20,MZ,0,0,0
01-Jun-20,NL,0,0,0
01-Jun-20,OR,156,0,119
01-Jun-20,PB,38,-1,13
01-Jun-20,PY,9,0,0
01-Jun-20,RJ,269,5,181
01-Jun-20,SK,0,0,0
01-Jun-20,TG,94,6,63
01-Jun-20,TN,1162,11,413
01-Jun-20,TR,107,0,0
01-Jun-20,TT,7723,201,3882
01-Jun-20,UN,139,0,0
01-Jun-20,UP,286,5,187
01-Jun-20,UT,52,0,120
01-Jun-20,WB,271,8,149
01-May-20,AN,0,0,0
01-May-20,AP,60,2,82
01-May-20,AR,0,0,0
01-May-20,AS,0,0,4
01-May-20,BR,41,1,14
01-May-20,CH,14,0,0
01-May-20,CT,3,0,0
01-May-20,DD,0,0,0
01-May-20,DL,223,2,73
01-May-20,DN,0,0,0
01-May-20,GA,0,0,0
01-May-20,GJ,326,22,123
01-May-20,HP,0,0,2
01-May-20,HR,18,0,6
01-May-20,JH,3,0,2
01-May-20,JK,25,0,31
01-May-20,KA,24,0,22
01-May-20,KL,0,0,9
01-May-20,LA,0,0,0
01-May-20,LD,0,0,0
01-May-20,MH,1008,26,106
01-May-20,ML,0,0,10
01-May-20,MN,0,0,0
01-May-20,MP,90,8,42
01-May-20,MZ,0,0,0
01-May-20,NL,0,0,0
01-May-20,OR,11,0,14
01-May-20,PB,105,0,4
01-May-20,PY,0,0,0
01-May-20,RJ,82,4,223
01-May-20,SK,0,0,0
01-May-20,TG,6,0,22
01-May-20,TN,203,1,54
01-May-20,TR,0,0,0
01-May-20,TT,2396,77,962
01-May-20,UN,0,0,0
01-May-20,UP,117,2,103
01-May-20,UT,0,1,1
01-May-20,WB,37,8,15
02-Apr-20,AN,0,0,0
02-Apr-20,AP,38,0,0
02-Apr-20,AR,1,0,0
02-Apr-20,AS,0,0,0
02-Apr-20,BR,5,0,3
02-Apr-20,CH,1,0,0
02-Apr-20,CT,0,0,1
02-Apr-20,DD,0,0,0
02-Apr-20,DL,141,2,2
02-Apr-20,DN,0,0,0
02-Apr-20,GA,0,0,0
02-Apr-20,GJ,1,1,5
02-Apr-20,HP,3,0,0
02-Apr-20,HR,6,0,0
02-Apr-20,JH,1,0,0
02-Apr-20,JK,8,0,1
02-Apr-20,KA,14,0,2
02-Apr-20,KL,21,0,2
02-Apr-20,LA,0,0,0
02-Apr-20,LD,0,0,0
02-Apr-20,MH,88,8,3
02-Apr-20,ML,0,0,0
02-Apr-20,MN,1,0,0
02-Apr-20,MP,9,2,0
02-Apr-20,MZ,0,0,0
02-Apr-20,NL,0,0,0
02-Apr-20,OR,0,0,0
02-Apr-20,PB,1,1,0
02-Apr-20,PY,2,0,0
02-Apr-20,RJ,13,0,0
02-Apr-20,SK,0,0,0
02-Apr-20,TG,27,0,3
02-Apr-20,TN,75,0,0
02-Apr-20,TR,0,0,0
02-Apr-20,TT,486,14,22
02-Apr-20,UN,0,0,0
02-Apr-20,UP,11,0,0
02-Apr-20,UT,3,0,0
02-Apr-20,WB,16,0,0
02-Jul-20,AN,9,0,1
02-Jul-20,AP,845,5,325
02-Jul-20,AR,37,0,5
02-Jul-20,AS,479,2,275
02-Jul-20,BR,478,5,183
02-Jul-20,CH,4,0,22
02-Jul-20,CT,73,0,59
02-Jul-20,DD,0,0,0
02-Jul-20,DL,2373,61,3015
02-Jul-20,DN,25,0,3
02-Jul-20,GA,95,0,64
02-Jul-20,GJ,681,19,563
02-Jul-20,HP,35,0,15
02-Jul-20,HR,568,11,520
02-Jul-20,JH,60,0,57
02-Jul-20,JK,154,10,118
02-Jul-20,KA,1502,19,271
02-Jul-20,KL,160,0,202
02-Jul-20,LA,1,0,35
02-Jul-20,LD,0,0,0
02-Jul-20,MH,6328,125,8018
02-Jul-20,ML,3,0,1
02-Jul-20,MN,19,0,37
02-Jul-20,MP,245,8,160
02-Jul-20,MZ,2,0,3
02-Jul-20,NL,34,0,15
02-Jul-20,OR,229,2,149
02-Jul-20,PB,116,3,155
02-Jul-20,PY,63,0,30
02-Jul-20,RJ,350,9,374
02-Jul-20,SK,12,0,0
02-Jul-20,TG,1213,8,987
02-Jul-20,TN,4343,57,3095
02-Jul-20,TR,39,0,53
02-Jul-20,TT,21947,378,19999
02-Jul-20,UN,-83,0,0
02-Jul-20,UP,769,17,592
02-Jul-20,UT,37,1,88
02-Jul-20,WB,649,16,509
02-Jun-20,AN,0,0,0
02-Jun-20,AP,115,0,40
02-Jun-20,AR,2,0,0
02-Jun-20,AS,74,0,53
02-Jun-20,BR,151,1,62
02-Jun-20,CH,4,1,0
02-Jun-20,CT,15,1,9
02-Jun-20,DD,0,0,0
02-Jun-20,DL,1298,33,497
02-Jun-20,DN,0,0,0
02-Jun-20,GA,6,0,7
02-Jun-20,GJ,415,29,1114
02-Jun-20,HP,5,0,18
02-Jun-20,HR,296,2,14
02-Jun-20,JH,61,0,0
02-Jun-20,JK,117,2,7
02-Jun-20,KA,388,0,75
02-Jun-20,KL,86,1,19
02-Jun-20,LA,4,1,0
02-Jun-20,LD,0,0,0
02-Jun-20,MH,2287,103,1225
02-Jun-20,ML,2,0,0
02-Jun-20,MN,6,0,3
02-Jun-20,MP,137,6,218
02-Jun-20,MZ,12,0,0
02-Jun-20,NL,6,0,0
02-Jun-20,OR,141,0,80
02-Jun-20,PB,41,2,17
02-Jun-20,PY,0,0,0
02-Jun-20,RJ,273,4,222
02-Jun-20,SK,0,0,0
02-Jun-20,TG,99,4,35
02-Jun-20,TN,1091,13,536
02-Jun-20,TR,48,0,0
02-Jun-20,TT,8812,222,4531
02-Jun-20,UN,784,0,0
02-Jun-20,UP,368,7,146
02-Jun-20,UT,84,2,30
02-Jun-20,WB,396,10,104
02-May-20,AN,0,0,10
02-May-20,AP,62,0,38
02-May-20,AR,0,0,0
02-May-20,AS,0,0,0
02-May-20,BR,15,1,19
02-May-20,CH,6,0,1
02-May-20,CT,0,0,0
02-May-20,DD,0,0,0
02-May-20,DL,384,3,89
02-May-20,DN,0,0,0
02-May-20,GA,0,0,0
02-May-20,GJ,333,26,160
02-May-20,HP,0,0,3
02-May-20,HR,19,1,1
02-May-20,JH,2,0,1
02-May-20,JK,27,0,7
02-May-20,KA,12,3,20
02-May-20,KL,2,0,8
02-May-20,LA,1,0,0
02-May-20,LD,0,0,0
02-May-20,MH,790,36,121
02-May-20,ML,0,0,0
02-May-20,MN,0,0,0
02-May-20,MP,73,6,100
02-May-20,MZ,0,0,0
02-May-20,NL,0,0,0
02-May-20,OR,6,0,1
02-May-20,PB,187,0,4
02-May-20,PY,1,0,0
02-May-20,RJ,106,6,126
02-May-20,SK,0,0,0
02-May-20,TG,17,1,35
02-May-20,TN,231,1,29
02-May-20,TR,2,0,0
02-May-20,TT,2564,92,831
02-May-20,UN,0,0,0
02-May-20,UP,159,1,44
02-May-20,UT,2,0,2
02-May-20,WB,127,7,12
03-Apr-20,AN,0,0,0
03-Apr-20,AP,15,1,0
03-Apr-20,AR,0,0,0
03-Apr-20,AS,7,0,0
03-Apr-20,BR,2,0,0
03-Apr-20,CH,0,0,0
03-Apr-20,CT,0,0,0
03-Apr-20,DD,0,0,0
03-Apr-20,DL,93,2,0
03-Apr-20,DN,0,0,0
03-Apr-20,GA,1,0,0
03-Apr-20,GJ,7,2,0
03-Apr-20,HP,0,1,0
03-Apr-20,HR,9,0,0
03-Apr-20,JH,0,0,0
03-Apr-20,JK,5,0,0
03-Apr-20,KA,4,1,0
03-Apr-20,KL,9,0,14
03-Apr-20,LA,1,0,0
03-Apr-20,LD,0,0,0
03-Apr-20,MH,64,5,8
03-Apr-20,ML,0,0,0
03-Apr-20,MN,0,0,0
03-Apr-20,MP,47,0,0
03-Apr-20,MZ,0,0,0
03-Apr-20,NL,0,0,0
03-Apr-20,OR,15,0,1
03-Apr-20,PB,6,0,0
03-Apr-20,PY,0,0,0
03-Apr-20,RJ,46,0,0
03-Apr-20,SK,0,0,0
03-Apr-20,TG,75,2,15
03-Apr-20,TN,102,0,0
03-Apr-20,TR,0,0,0
03-Apr-20,TT,560,14,38
03-Apr-20,UN,0,0,0
03-Apr-20,UP,46,0,0
03-Apr-20,UT,6,0,0
03-Apr-20,WB,0,0,0
03-Jul-20,AN,7,0,3
03-Jul-20,AP,837,8,319
03-Jul-20,AR,20,0,4
03-Jul-20,AS,365,0,221
03-Jul-20,BR,426,6,217
03-Jul-20,CH,4,0,4
03-Jul-20,CT,52,0,52
03-Jul-20,DD,0,0,0
03-Jul-20,DL,2520,59,2617
03-Jul-20,DN,50,0,21
03-Jul-20,GA,94,0,38
03-Jul-20,GJ,687,18,340
03-Jul-20,HP,19,0,39
03-Jul-20,HR,494,4,672
03-Jul-20,JH,112,0,13
03-Jul-20,JK,170,4,101
03-Jul-20,KA,1694,21,471
03-Jul-20,KL,211,0,201
03-Jul-20,LA,11,0,47
03-Jul-20,LD,0,0,0
03-Jul-20,MH,6364,198,3515
03-Jul-20,ML,4,0,0
03-Jul-20,MN,37,0,23
03-Jul-20,MP,191,4,234
03-Jul-20,MZ,0,0,1
03-Jul-20,NL,4,0,31
03-Jul-20,OR,561,2,203
03-Jul-20,PB,153,5,122
03-Jul-20,PY,22,1,53
03-Jul-20,RJ,390,10,333
03-Jul-20,SK,1,0,0
03-Jul-20,TG,1892,8,1126
03-Jul-20,TN,4329,64,2357
03-Jul-20,TR,93,0,53
03-Jul-20,TT,22718,444,14417
03-Jul-20,UN,-801,0,0
03-Jul-20,UP,972,14,376
03-Jul-20,UT,64,0,76
03-Jul-20,WB,669,18,534
03-Jun-20,AN,0,0,0
03-Jun-20,AP,180,4,50
03-Jun-20,AR,10,0,0
03-Jun-20,AS,271,0,76
03-Jun-20,BR,230,1,222
03-Jun-20,CH,0,0,0
03-Jun-20,CT,64,0,40
03-Jun-20,DD,0,0,0
03-Jun-20,DL,1513,59,299
03-Jun-20,DN,8,0,0
03-Jun-20,GA,47,0,0
03-Jun-20,GJ,485,30,318
03-Jun-20,HP,14,0,10
03-Jun-20,HR,302,0,20
03-Jun-20,JH,42,0,1
03-Jun-20,JK,139,1,54
03-Jun-20,KA,267,1,111
03-Jun-20,KL,82,0,24
03-Jun-20,LA,9,0,1
03-Jun-20,LD,0,0,0
03-Jun-20,MH,2560,122,996
03-Jun-20,ML,3,0,1
03-Jun-20,MN,19,0,24
03-Jun-20,MP,168,7,224
03-Jun-20,MZ,1,0,0
03-Jun-20,NL,9,0,0
03-Jun-20,OR,143,0,91
03-Jun-20,PB,34,1,12
03-Jun-20,PY,11,0,8
03-Jun-20,RJ,279,6,309
03-Jun-20,SK,1,0,0
03-Jun-20,TG,129,7,30
03-Jun-20,TN,1286,8,610
03-Jun-20,TR,151,0,0
03-Jun-20,TT,9689,259,3789
03-Jun-20,UN,709,0,0
03-Jun-20,UP,141,1,81
03-Jun-20,UT,42,1,7
03-Jun-20,WB,340,10,170
03-May-20,AN,0,0,6
03-May-20,AP,58,0,47
03-May-20,AR,0,0,0
03-May-20,AS,0,0,0
03-May-20,BR,36,0,7
03-May-20,CH,3,1,0
03-May-20,CT,14,0,0
03-May-20,DD,0,0,0
03-May-20,DL,427,0,106
03-May-20,DN,0,0,0
03-May-20,GA,0,0,0
03-May-20,GJ,374,28,146
03-May-20,HP,0,0,1
03-May-20,HR,66,0,3
03-May-20,JH,0,0,5
03-May-20,JK,35,0,33
03-May-20,KA,13,0,22
03-May-20,KL,0,0,1
03-May-20,LA,19,0,0
03-May-20,LD,0,0,0
03-May-20,MH,678,27,115
03-May-20,ML,0,0,0
03-May-20,MN,0,0,0
03-May-20,MP,49,5,174
03-May-20,MZ,0,0,0
03-May-20,NL,0,0,0
03-May-20,OR,2,0,4
03-May-20,PB,330,1,5
03-May-20,PY,0,0,1
03-May-20,RJ,114,3,114
03-May-20,SK,0,0,0
03-May-20,TG,21,0,46
03-May-20,TN,266,1,38
03-May-20,TR,12,0,0
03-May-20,TT,2952,140,911
03-May-20,UN,0,0,0
03-May-20,UP,158,0,56
03-May-20,UT,1,0,0
03-May-20,WB,276,74,-19
04-Apr-20,AN,0,0,0
04-Apr-20,AP,28,0,0
04-Apr-20,AR,0,0,0
04-Apr-20,AS,3,0,0
04-Apr-20,BR,1,0,0
04-Apr-20,CH,0,0,3
04-Apr-20,CT,1,0,0
04-Apr-20,DD,0,0,0
04-Apr-20,DL,59,0,8
04-Apr-20,DN,0,0,0
04-Apr-20,GA,1,0,0
04-Apr-20,GJ,13,1,3
04-Apr-20,HP,7,0,0
04-Apr-20,HR,26,0,1
04-Apr-20,JH,0,0,0
04-Apr-20,JK,17,0,0
04-Apr-20,KA,16,0,0
04-Apr-20,KL,11,0,8
04-Apr-20,LA,0,0,0
04-Apr-20,LD,0,0,0
04-Apr-20,MH,148,6,2
04-Apr-20,ML,0,0,0
04-Apr-20,MN,0,0,0
04-Apr-20,MP,25,3,0
04-Apr-20,MZ,0,0,0
04-Apr-20,NL,0,0,0
04-Apr-20,OR,1,0,0
04-Apr-20,PB,12,0,2
04-Apr-20,PY,0,0,0
04-Apr-20,RJ,27,1,22
04-Apr-20,SK,0,0,0
04-Apr-20,TG,43,0,1
04-Apr-20,TN,74,2,2
04-Apr-20,TR,0,0,0
04-Apr-20,TT,579,13,56
04-Apr-20,UN,0,0,0
04-Apr-20,UP,60,0,4
04-Apr-20,UT,6,0,0
04-Apr-20,WB,0,0,0
04-Jul-20,AN,3,0,12
04-Jul-20,AP,765,12,376
04-Jul-20,AR,7,0,1
04-Jul-20,AS,1202,0,416
04-Jul-20,BR,349,4,277
04-Jul-20,CH,5,0,2
04-Jul-20,CT,96,0,112
04-Jul-20,DD,0,0,0
04-Jul-20,DL,2505,81,2632
04-Jul-20,DN,37,0,9
04-Jul-20,GA,108,2,53
04-Jul-20,GJ,712,21,473
04-Jul-20,HP,13,1,25
04-Jul-20,HR,545,5,566
04-Jul-20,JH,42,3,34
04-Jul-20,JK,227,8,68
04-Jul-20,KA,1839,42,439
04-Jul-20,KL,240,0,209
04-Jul-20,LA,3,0,50
04-Jul-20,LD,0,0,0
04-Jul-20,MH,7074,295,3395
04-Jul-20,ML,8,0,0
04-Jul-20,MN,9,0,28
04-Jul-20,MP,307,5,185
04-Jul-20,MZ,2,0,3
04-Jul-20,NL,24,0,0
04-Jul-20,OR,495,6,229
04-Jul-20,PB,172,5,40
04-Jul-20,PY,80,1,21
04-Jul-20,RJ,480,7,359
04-Jul-20,SK,1,0,0
04-Jul-20,TG,1850,5,1342
04-Jul-20,TN,4280,65,2214
04-Jul-20,TR,25,0,3
04-Jul-20,TT,24018,611,14746
04-Jul-20,UN,-1032,0,0
04-Jul-20,UP,757,24,557
04-Jul-20,UT,45,0,21
04-Jul-20,WB,743,19,595
04-Jun-20,AN,0,0,0
04-Jun-20,AP,141,3,65
04-Jun-20,AR,5,0,0
04-Jun-20,AS,285,0,46
04-Jun-20,BR,126,3,95
04-Jun-20,CH,1,0,8
04-Jun-20,CT,147,0,36
04-Jun-20,DD,0,0,0
04-Jun-20,DL,1359,44,356
04-Jun-20,DN,3,0,0
04-Jun-20,GA,40,0,0
04-Jun-20,GJ,492,33,455
04-Jun-20,HP,24,0,29
04-Jun-20,HR,327,1,34
04-Jun-20,JH,63,1,69
04-Jun-20,JK,285,1,41
04-Jun-20,KA,257,4,106
04-Jun-20,KL,94,3,39
04-Jun-20,LA,4,0,0
04-Jun-20,LD,0,0,0
04-Jun-20,MH,2933,123,1352
04-Jun-20,ML,0,0,0
04-Jun-20,MN,16,0,0
04-Jun-20,MP,174,6,192
04-Jun-20,MZ,3,0,0
04-Jun-20,NL,22,0,0
04-Jun-20,OR,90,0,65
04-Jun-20,PB,39,0,14
04-Jun-20,PY,9,0,4
04-Jun-20,RJ,210,4,360
04-Jun-20,SK,0,0,0
04-Jun-20,TG,127,6,31
04-Jun-20,TN,1384,15,585
04-Jun-20,TR,24,0,0
04-Jun-20,TT,9847,274,4390
04-Jun-20,UN,360,0,0
04-Jun-20,UP,367,15,182
04-Jun-20,UT,68,2,38
04-Jun-20,WB,368,10,188
04-May-20,AN,0,0,0
04-May-20,AP,67,0,36
04-May-20,AR,0,0,0
04-May-20,AS,0,0,0
04-May-20,BR,11,0,3
04-May-20,CH,5,0,2
04-May-20,CT,1,0,0
04-May-20,DD,0,0,0
04-May-20,DL,349,0,69
04-May-20,DN,0,0,0
04-May-20,GA,0,0,0
04-May-20,GJ,376,29,153
04-May-20,HP,1,0,0
04-May-20,HR,75,1,9
04-May-20,JH,0,0,0
04-May-20,JK,25,0,16
04-May-20,KA,37,2,28
04-May-20,KL,0,0,61
04-May-20,LA,0,0,0
04-May-20,LD,0,0,0
04-May-20,MH,1567,35,350
04-May-20,ML,0,0,0
04-May-20,MN,0,0,0
04-May-20,MP,105,9,58
04-May-20,MZ,0,0,0
04-May-20,NL,0,0,0
04-May-20,OR,7,0,0
04-May-20,PB,130,2,11
04-May-20,PY,0,0,0
04-May-20,RJ,175,6,82
04-May-20,SK,0,0,0
04-May-20,TG,3,0,40
04-May-20,TN,527,1,30
04-May-20,TR,13,0,0
04-May-20,TT,3656,103,1082
04-May-20,UN,0,0,0
04-May-20,UP,121,7,48
04-May-20,UT,0,0,0
04-May-20,WB,61,11,86
05-Apr-20,AN,0,0,0
05-Apr-20,AP,64,0,3
05-Apr-20,AR,0,0,0
05-Apr-20,AS,0,0,0
05-Apr-20,BR,0,0,0
05-Apr-20,CH,0,0,2
05-Apr-20,CT,0,0,5
05-Apr-20,DD,0,0,0
05-Apr-20,DL,58,1,0
05-Apr-20,DN,0,0,0
05-Apr-20,GA,0,0,0
05-Apr-20,GJ,20,1,8
05-Apr-20,HP,1,0,0
05-Apr-20,HR,6,0,0
05-Apr-20,JH,1,0,0
05-Apr-20,JK,14,0,1
05-Apr-20,KA,7,0,1
05-Apr-20,KL,8,0,6
05-Apr-20,LA,0,0,0
05-Apr-20,LD,0,0,0
05-Apr-20,MH,112,13,4
05-Apr-20,ML,0,0,0
05-Apr-20,MN,0,0,0
05-Apr-20,MP,14,2,3
05-Apr-20,MZ,0,0,0
05-Apr-20,NL,0,0,0
05-Apr-20,OR,18,0,0
05-Apr-20,PB,3,2,1
05-Apr-20,PY,0,0,0
05-Apr-20,RJ,60,0,0
05-Apr-20,SK,0,0,0
05-Apr-20,TG,62,0,0
05-Apr-20,TN,86,2,0
05-Apr-20,TR,0,0,0
05-Apr-20,TT,609,22,43
05-Apr-20,UN,0,0,0
05-Apr-20,UP,44,1,0
05-Apr-20,UT,4,0,2
05-Apr-20,WB,27,0,7
05-Jul-20,AN,6,0,6
05-Jul-20,AP,998,14,414
05-Jul-20,AR,10,0,2
05-Jul-20,AS,735,0,690
05-Jul-20,BR,403,2,277
05-Jul-20,CH,7,0,0
05-Jul-20,CT,46,0,52
05-Jul-20,DD,0,0,0
05-Jul-20,DL,2244,63,3083
05-Jul-20,DN,32,0,17
05-Jul-20,GA,77,1,111
05-Jul-20,GJ,725,18,486
05-Jul-20,HP,17,0,28
05-Jul-20,HR,457,5,687
05-Jul-20,JH,68,1,10
05-Jul-20,JK,183,5,112
05-Jul-20,KA,1925,37,603
05-Jul-20,KL,225,0,126
05-Jul-20,LA,0,0,0
05-Jul-20,LD,0,0,0
05-Jul-20,MH,6555,151,3658
05-Jul-20,ML,2,0,0
05-Jul-20,MN,41,0,22
05-Jul-20,MP,326,10,177
05-Jul-20,MZ,22,0,3
05-Jul-20,NL,27,0,3
05-Jul-20,OR,469,3,290
05-Jul-20,PB,174,2,102
05-Jul-20,PY,42,0,43
05-Jul-20,RJ,632,9,288
05-Jul-20,SK,22,0,9
05-Jul-20,TG,1590,7,1166
05-Jul-20,TN,4150,60,2186
05-Jul-20,TR,23,0,4
05-Jul-20,TT,23942,421,15829
05-Jul-20,UN,-370,0,0
05-Jul-20,UP,1153,12,607
05-Jul-20,UT,31,0,22
05-Jul-20,WB,895,21,545
05-Jun-20,AN,0,0,0
05-Jun-20,AP,138,2,36
05-Jun-20,AR,4,0,0
05-Jun-20,AS,128,0,50
05-Jun-20,BR,146,1,113
05-Jun-20,CH,7,0,51
05-Jun-20,CT,90,0,25
05-Jun-20,DD,0,0,0
05-Jun-20,DL,1330,49,417
05-Jun-20,DN,0,0,0
05-Jun-20,GA,30,0,8
05-Jun-20,GJ,510,35,344
05-Jun-20,HP,10,0,10
05-Jun-20,HR,316,0,86
05-Jun-20,JH,95,1,69
05-Jun-20,JK,182,1,38
05-Jun-20,KA,515,0,83
05-Jun-20,KL,111,0,22
05-Jun-20,LA,3,0,0
05-Jun-20,LD,0,0,0
05-Jun-20,MH,2436,139,1466
05-Jun-20,ML,0,0,0
05-Jun-20,MN,8,0,0
05-Jun-20,MP,234,7,241
05-Jun-20,MZ,7,0,0
05-Jun-20,NL,27,0,0
05-Jun-20,OR,130,1,123
05-Jun-20,PB,46,1,26
05-Jun-20,PY,5,0,6
05-Jun-20,RJ,222,5,255
05-Jun-20,SK,1,0,0
05-Jun-20,TG,143,8,40
05-Jun-20,TN,1438,12,861
05-Jun-20,TR,48,0,0
05-Jun-20,TT,9472,286,4770
05-Jun-20,UN,127,0,0
05-Jun-20,UP,496,12,209
05-Jun-20,UT,62,1,47
05-Jun-20,WB,427,11,144
05-May-20,AN,0,0,0
05-May-20,AP,67,1,65
05-May-20,AR,0,0,0
05-May-20,AS,2,0,0
05-May-20,BR,7,0,31
05-May-20,CH,17,0,0
05-May-20,CT,1,0,0
05-May-20,DD,0,0,0
05-May-20,DL,206,0,37
05-May-20,DN,1,0,0
05-May-20,GA,0,0,0
05-May-20,GJ,441,49,186
05-May-20,HP,1,1,0
05-May-20,HR,31,0,2
05-May-20,JH,10,0,6
05-May-20,JK,15,0,17
05-May-20,KA,22,2,10
05-May-20,KL,3,0,0
05-May-20,LA,0,0,0
05-May-20,LD,0,0,0
05-May-20,MH,984,34,354
05-May-20,ML,0,0,0
05-May-20,MN,0,0,0
05-May-20,MP,107,11,144
05-May-20,MZ,0,0,1
05-May-20,NL,0,0,0
05-May-20,OR,8,1,0
05-May-20,PB,219,2,5
05-May-20,PY,0,0,0
05-May-20,RJ,97,12,87
05-May-20,SK,0,0,0
05-May-20,TG,11,0,43
05-May-20,TN,508,2,76
05-May-20,TR,13,0,0
05-May-20,TT,2971,128,1295
05-May-20,UN,0,0,0
05-May-20,UP,114,6,185
05-May-20,UT,1,0,0
05-May-20,WB,85,7,46
06-Apr-20,AN,0,0,0
06-Apr-20,AP,47,2,0
06-Apr-20,AR,0,0,0
06-Apr-20,AS,0,0,0
06-Apr-20,BR,0,0,6
06-Apr-20,CH,0,0,0
06-Apr-20,CT,0,0,0
06-Apr-20,DD,0,0,0
06-Apr-20,DL,22,0,0
06-Apr-20,DN,0,0,0
06-Apr-20,GA,0,0,0
06-Apr-20,GJ,18,1,1
06-Apr-20,HP,4,0,0
06-Apr-20,HR,20,2,0
06-Apr-20,JH,1,0,0
06-Apr-20,JK,3,0,0
06-Apr-20,KA,12,0,8
06-Apr-20,KL,13,0,3
06-Apr-20,LA,0,0,7
06-Apr-20,LD,0,0,0
06-Apr-20,MH,121,7,14
06-Apr-20,ML,0,0,0
06-Apr-20,MN,0,0,1
06-Apr-20,MP,63,2,8
06-Apr-20,MZ,0,0,0
06-Apr-20,NL,0,0,0
06-Apr-20,OR,1,0,0
06-Apr-20,PB,11,0,0
06-Apr-20,PY,0,0,0
06-Apr-20,RJ,35,1,0
06-Apr-20,SK,0,0,0
06-Apr-20,TG,30,0,12
06-Apr-20,TN,50,1,5
06-Apr-20,TR,1,0,0
06-Apr-20,TT,484,16,65
06-Apr-20,UN,0,0,0
06-Apr-20,UP,27,0,0
06-Apr-20,UT,5,0,0
06-Apr-20,WB,0,0,0
06-Jul-20,AN,16,0,2
06-Jul-20,AP,1322,7,498
06-Jul-20,AR,1,1,14
06-Jul-20,AS,786,0,508
06-Jul-20,BR,280,7,249
06-Jul-20,CH,21,0,6
06-Jul-20,CT,98,0,66
06-Jul-20,DD,0,0,0
06-Jul-20,DL,1379,48,749
06-Jul-20,DN,27,0,16
06-Jul-20,GA,52,0,125
06-Jul-20,GJ,735,17,423
06-Jul-20,HP,14,0,26
06-Jul-20,HR,499,11,391
06-Jul-20,JH,47,1,23
06-Jul-20,JK,246,6,63
06-Jul-20,KA,1843,30,680
06-Jul-20,KL,193,2,167
06-Jul-20,LA,0,0,10
06-Jul-20,LD,0,0,0
06-Jul-20,MH,5368,204,3522
06-Jul-20,ML,16,0,0
06-Jul-20,MN,24,0,45
06-Jul-20,MP,354,9,168
06-Jul-20,MZ,11,0,0
06-Jul-20,NL,35,0,12
06-Jul-20,OR,456,2,262
06-Jul-20,PB,208,5,86
06-Jul-20,PY,65,0,32
06-Jul-20,RJ,524,5,350
06-Jul-20,SK,0,0,4
06-Jul-20,TG,1831,11,2078
06-Jul-20,TN,3827,61,3793
06-Jul-20,TR,111,0,13
06-Jul-20,TT,22500,473,15315
06-Jul-20,UN,284,0,0
06-Jul-20,UP,929,24,348
06-Jul-20,UT,37,0,62
06-Jul-20,WB,861,22,524
06-Jun-20,AN,0,0,0
06-Jun-20,AP,210,0,75
06-Jun-20,AR,2,0,0
06-Jun-20,AS,230,0,79
06-Jun-20,BR,233,0,65
06-Jun-20,CH,3,0,0
06-Jun-20,CT,60,2,28
06-Jun-20,DD,0,0,0
06-Jun-20,DL,1320,53,349
06-Jun-20,DN,5,0,0
06-Jun-20,GA,71,0,0
06-Jun-20,GJ,498,29,313
06-Jun-20,HP,7,0,5
06-Jun-20,HR,355,0,71
06-Jun-20,JH,106,0,38
06-Jun-20,JK,143,3,40
06-Jun-20,KA,378,2,280
06-Jun-20,KL,108,1,50
06-Jun-20,LA,2,0,2
06-Jun-20,LD,0,0,0
06-Jun-20,MH,2739,120,2243
06-Jun-20,ML,0,0,0
06-Jun-20,MN,25,0,14
06-Jun-20,MP,232,15,230
06-Jun-20,MZ,0,0,0
06-Jun-20,NL,0,0,8
06-Jun-20,OR,173,0,112
06-Jun-20,PB,54,2,23
06-Jun-20,PY,3,0,5
06-Jun-20,RJ,253,13,142
06-Jun-20,SK,4,0,0
06-Jun-20,TG,206,10,83
06-Jun-20,TN,1458,19,633
06-Jun-20,TR,55,0,0
06-Jun-20,TT,10408,297,5433
06-Jun-20,UN,582,0,0
06-Jun-20,UP,370,11,260
06-Jun-20,UT,88,0,78
06-Jun-20,WB,435,17,207
06-May-20,AN,0,0,0
06-May-20,AP,60,2,140
06-May-20,AR,0,0,0
06-May-20,AS,1,0,2
06-May-20,BR,7,0,0
06-May-20,CH,5,0,0
06-May-20,CT,0,0,0
06-May-20,DD,0,0,0
06-May-20,DL,428,1,74
06-May-20,DN,0,0,0
06-May-20,GA,0,0,0
06-May-20,GJ,380,28,119
06-May-20,HP,1,0,0
06-May-20,HR,46,1,4
06-May-20,JH,2,0,4
06-May-20,JK,34,0,2
06-May-20,KA,20,0,23
06-May-20,KL,0,0,7
06-May-20,LA,0,0,0
06-May-20,LD,0,0,0
06-May-20,MH,1233,34,275
06-May-20,ML,0,0,0
06-May-20,MN,0,0,0
06-May-20,MP,89,9,99
06-May-20,MZ,0,0,0
06-May-20,NL,0,0,0
06-May-20,OR,28,0,1
06-May-20,PB,75,2,2
06-May-20,PY,0,0,0
06-May-20,RJ,159,4,214
06-May-20,SK,0,0,0
06-May-20,TG,11,0,20
06-May-20,TN,771,2,31
06-May-20,TR,22,0,0
06-May-20,TT,3602,91,1161
06-May-20,UN,0,0,0
06-May-20,UP,118,4,143
06-May-20,UT,0,0,0
06-May-20,WB,112,4,1
07-Apr-20,AN,0,0,0
07-Apr-20,AP,11,1,0
07-Apr-20,AR,0,0,0
07-Apr-20,AS,2,0,0
07-Apr-20,BR,6,0,6
07-Apr-20,CH,0,0,2
07-Apr-20,CT,0,0,1
07-Apr-20,DD,0,0,0
07-Apr-20,DL,51,2,4
07-Apr-20,DN,0,0,0
07-Apr-20,GA,0,0,0
07-Apr-20,GJ,29,2,3
07-Apr-20,HP,9,0,1
07-Apr-20,HR,33,0,2
07-Apr-20,JH,0,0,0
07-Apr-20,JK,16,1,0
07-Apr-20,KA,12,0,5
07-Apr-20,KL,9,0,12
07-Apr-20,LA,0,0,0
07-Apr-20,LD,0,0,0
07-Apr-20,MH,150,12,9
07-Apr-20,ML,0,0,0
07-Apr-20,MN,0,0,0
07-Apr-20,MP,34,6,10
07-Apr-20,MZ,0,0,0
07-Apr-20,NL,0,0,0
07-Apr-20,OR,2,1,0
07-Apr-20,PB,20,1,10
07-Apr-20,PY,0,0,1
07-Apr-20,RJ,42,0,0
07-Apr-20,SK,0,0,0
07-Apr-20,TG,40,0,0
07-Apr-20,TN,69,1,6
07-Apr-20,TR,0,0,0
07-Apr-20,TT,572,27,75
07-Apr-20,UN,0,0,0
07-Apr-20,UP,27,0,0
07-Apr-20,UT,0,0,0
07-Apr-20,WB,11,0,3
07-Jul-20,AN,6,0,0
07-Jul-20,AP,1178,13,825
07-Jul-20,AR,6,0,13
07-Jul-20,AS,814,2,388
07-Jul-20,BR,385,1,324
07-Jul-20,CH,5,1,0
07-Jul-20,CT,110,0,84
07-Jul-20,DD,0,0,0
07-Jul-20,DL,2008,50,2129
07-Jul-20,DN,27,1,10
07-Jul-20,GA,90,1,95
07-Jul-20,GJ,778,17,421
07-Jul-20,HP,6,0,27
07-Jul-20,HR,495,3,310
07-Jul-20,JH,164,2,36
07-Jul-20,JK,256,5,81
07-Jul-20,KA,1498,15,571
07-Jul-20,KL,272,0,111
07-Jul-20,LA,36,0,24
07-Jul-20,LD,0,0,0
07-Jul-20,MH,5134,224,3296
07-Jul-20,ML,6,0,0
07-Jul-20,MN,40,0,37
07-Jul-20,MP,343,5,189
07-Jul-20,MZ,1,0,6
07-Jul-20,NL,19,0,60
07-Jul-20,OR,571,6,217
07-Jul-20,PB,258,6,60
07-Jul-20,PY,32,0,37
07-Jul-20,RJ,716,11,297
07-Jul-20,SK,2,0,0
07-Jul-20,TG,1879,7,1506
07-Jul-20,TN,3616,65,4545
07-Jul-20,TR,24,0,29
07-Jul-20,TT,23147,479,16836
07-Jul-20,UN,121,0,0
07-Jul-20,UP,1332,18,518
07-Jul-20,UT,69,1,35
07-Jul-20,WB,850,25,555
07-Jun-20,AN,0,0,0
07-Jun-20,AP,199,2,29
07-Jun-20,AR,3,0,0
07-Jun-20,AS,208,0,48
07-Jun-20,BR,239,1,107
07-Jun-20,CH,2,0,1
07-Jun-20,CT,150,0,7
07-Jun-20,DD,0,0,0
07-Jun-20,DL,1282,51,335
07-Jun-20,DN,1,0,1
07-Jun-20,GA,33,0,0
07-Jun-20,GJ,480,30,319
07-Jun-20,HP,11,0,28
07-Jun-20,HR,496,4,194
07-Jun-20,JH,75,0,17
07-Jun-20,JK,620,2,90
07-Jun-20,KA,239,2,159
07-Jun-20,KL,107,0,41
07-Jun-20,LA,4,0,0
07-Jun-20,LD,0,0,0
07-Jun-20,MH,3007,91,1924
07-Jun-20,ML,3,0,0
07-Jun-20,MN,15,0,0
07-Jun-20,MP,173,13,223
07-Jun-20,MZ,10,0,0
07-Jun-20,NL,9,0,0
07-Jun-20,OR,75,1,178
07-Jun-20,PB,93,1,14
07-Jun-20,PY,12,0,1
07-Jun-20,RJ,262,9,253
07-Jun-20,SK,0,0,0
07-Jun-20,TG,154,14,32
07-Jun-20,TN,1515,18,604
07-Jun-20,TR,53,0,19
07-Jun-20,TT,10882,261,5191
07-Jun-20,UN,418,0,0
07-Jun-20,UP,433,7,277
07-Jun-20,UT,52,2,106
07-Jun-20,WB,449,13,184
07-May-20,AN,0,0,1
07-May-20,AP,56,2,51
07-May-20,AR,0,0,0
07-May-20,AS,8,0,0
07-May-20,BR,8,1,60
07-May-20,CH,11,0,0
07-May-20,CT,0,0,0
07-May-20,DD,0,0,0
07-May-20,DL,448,1,389
07-May-20,DN,0,0,0
07-May-20,GA,0,0,0
07-May-20,GJ,388,29,209
07-May-20,HP,3,0,0
07-May-20,HR,31,0,0
07-May-20,JH,5,0,4
07-May-20,JK,18,1,13
07-May-20,KA,12,1,12
07-May-20,KL,0,0,5
07-May-20,LA,0,0,0
07-May-20,LD,0,0,0
07-May-20,MH,1216,43,207
07-May-20,ML,0,0,0
07-May-20,MN,0,0,0
07-May-20,MP,114,8,132
07-May-20,MZ,0,0,0
07-May-20,NL,0,0,0
07-May-20,OR,14,0,1
07-May-20,PB,118,1,14
07-May-20,PY,0,0,0
07-May-20,RJ,110,6,150
07-May-20,SK,0,0,0
07-May-20,TG,15,0,45
07-May-20,TN,580,2,31
07-May-20,TR,24,0,0
07-May-20,TT,3344,104,1475
07-May-20,UN,0,0,0
07-May-20,UP,73,2,120
07-May-20,UT,0,0,0
07-May-20,WB,92,7,31
08-Apr-20,AN,1,0,0
08-Apr-20,AP,34,0,1
08-Apr-20,AR,0,0,0
08-Apr-20,AS,0,0,0
08-Apr-20,BR,1,0,0
08-Apr-20,CH,0,0,0
08-Apr-20,CT,0,0,0
08-Apr-20,DD,0,0,0
08-Apr-20,DL,93,0,1
08-Apr-20,DN,0,0,0
08-Apr-20,GA,0,0,0
08-Apr-20,GJ,11,2,0
08-Apr-20,HP,0,0,0
08-Apr-20,HR,24,0,1
08-Apr-20,JH,0,0,0
08-Apr-20,JK,33,0,2
08-Apr-20,KA,6,1,3
08-Apr-20,KL,9,0,13
08-Apr-20,LA,0,0,0
08-Apr-20,LD,0,0,0
08-Apr-20,MH,117,8,38
08-Apr-20,ML,0,0,0
08-Apr-20,MN,0,0,0
08-Apr-20,MP,51,3,4
08-Apr-20,MZ,0,0,0
08-Apr-20,NL,0,0,0
08-Apr-20,OR,0,0,0
08-Apr-20,PB,7,1,0
08-Apr-20,PY,0,0,0
08-Apr-20,RJ,40,1,20
08-Apr-20,SK,0,0,0
08-Apr-20,TG,49,0,0
08-Apr-20,TN,48,1,2
08-Apr-20,TR,0,0,0
08-Apr-20,TT,565,20,96
08-Apr-20,UN,0,0,0
08-Apr-20,UP,29,1,10
08-Apr-20,UT,4,0,1
08-Apr-20,WB,8,2,0
08-Jul-20,AN,2,0,0
08-Jul-20,AP,1062,12,1356
08-Jul-20,AR,11,0,4
08-Jul-20,AS,696,6,397
08-Jul-20,BR,749,2,203
08-Jul-20,CH,15,0,1
08-Jul-20,CT,111,0,107
08-Jul-20,DD,0,0,0
08-Jul-20,DL,2033,48,3982
08-Jul-20,DN,15,0,11
08-Jul-20,GA,136,0,51
08-Jul-20,GJ,783,16,569
08-Jul-20,HP,18,0,43
08-Jul-20,HR,691,3,461
08-Jul-20,JH,116,0,66
08-Jul-20,JK,330,6,168
08-Jul-20,KA,2062,54,778
08-Jul-20,KL,301,0,107
08-Jul-20,LA,6,0,28
08-Jul-20,LD,0,0,0
08-Jul-20,MH,6603,198,4634
08-Jul-20,ML,6,0,2
08-Jul-20,MN,5,0,22
08-Jul-20,MP,409,7,219
08-Jul-20,MZ,5,0,4
08-Jul-20,NL,13,0,1
08-Jul-20,OR,527,7,303
08-Jul-20,PB,158,3,274
08-Jul-20,PY,110,0,67
08-Jul-20,RJ,659,10,291
08-Jul-20,SK,6,0,6
08-Jul-20,TG,1924,11,992
08-Jul-20,TN,3756,64,3051
08-Jul-20,TR,57,0,76
08-Jul-20,TT,25561,491,19508
08-Jul-20,UN,-16,0,0
08-Jul-20,UP,1188,18,704
08-Jul-20,UT,28,3,29
08-Jul-20,WB,986,23,501
08-Jun-20,AN,0,0,0
08-Jun-20,AP,154,0,42
08-Jun-20,AR,6,0,0
08-Jun-20,AS,154,0,148
08-Jun-20,BR,177,1,137
08-Jun-20,CH,6,0,11
08-Jun-20,CT,124,0,69
08-Jun-20,DD,0,0,0
08-Jun-20,DL,1007,62,358
08-Jun-20,DN,2,0,0
08-Jun-20,GA,30,0,2
08-Jun-20,GJ,477,31,321
08-Jun-20,HP,10,0,5
08-Jun-20,HR,406,11,226
08-Jun-20,JH,187,0,29
08-Jun-20,JK,198,4,108
08-Jun-20,KA,308,3,309
08-Jun-20,KL,91,1,11
08-Jun-20,LA,0,0,0
08-Jun-20,LD,0,0,0
08-Jun-20,MH,2554,109,1661
08-Jun-20,ML,3,0,0
08-Jun-20,MN,100,0,6
08-Jun-20,MP,237,2,205
08-Jun-20,MZ,8,0,0
08-Jun-20,NL,6,0,0
08-Jun-20,OR,138,0,99
08-Jun-20,PB,55,2,22
08-Jun-20,PY,9,0,4
08-Jun-20,RJ,277,6,363
08-Jun-20,SK,0,0,0
08-Jun-20,TG,92,5,0
08-Jun-20,TN,1562,17,528
08-Jun-20,TR,38,0,0
08-Jun-20,TT,8536,271,5171
08-Jun-20,UN,-773,0,0
08-Jun-20,UP,411,8,159
08-Jun-20,UT,56,0,186
08-Jun-20,WB,426,9,162
08-May-20,AN,0,0,0
08-May-20,AP,54,3,62
08-May-20,AR,0,0,0
08-May-20,AS,6,1,0
08-May-20,BR,29,0,49
08-May-20,CH,11,1,0
08-May-20,CT,0,0,2
08-May-20,DD,0,0,0
08-May-20,DL,338,2,89
08-May-20,DN,0,0,0
08-May-20,GA,0,0,0
08-May-20,GJ,390,24,163
08-May-20,HP,4,0,0
08-May-20,HR,22,1,19
08-May-20,JH,22,0,0
08-May-20,JK,30,0,29
08-May-20,KA,48,0,10
08-May-20,KL,1,0,10
08-May-20,LA,0,0,1
08-May-20,LD,0,0,0
08-May-20,MH,1089,37,169
08-May-20,ML,0,0,0
08-May-20,MN,0,0,0
08-May-20,MP,89,7,118
08-May-20,MZ,0,0,0
08-May-20,NL,0,0,0
08-May-20,OR,51,0,1
08-May-20,PB,87,1,3
08-May-20,PY,1,0,2
08-May-20,RJ,152,4,122
08-May-20,SK,0,0,0
08-May-20,TG,10,0,34
08-May-20,TN,600,3,58
08-May-20,TR,30,0,0
08-May-20,TT,3339,97,1111
08-May-20,UN,0,0,0
08-May-20,UP,143,4,137
08-May-20,UT,2,0,6
08-May-20,WB,130,9,27
09-Apr-20,AN,0,0,10
09-Apr-20,AP,15,2,4
09-Apr-20,AR,0,0,0
09-Apr-20,AS,1,0,0
09-Apr-20,BR,19,0,0
09-Apr-20,CH,0,0,0
09-Apr-20,CT,8,0,0
09-Apr-20,DD,0,0,0
09-Apr-20,DL,51,3,4
09-Apr-20,DN,0,0,0
09-Apr-20,GA,0,0,0
09-Apr-20,GJ,76,2,1
09-Apr-20,HP,1,0,0
09-Apr-20,HR,3,0,0
09-Apr-20,JH,9,1,0
09-Apr-20,JK,26,1,0
09-Apr-20,KA,16,1,2
09-Apr-20,KL,12,0,13
09-Apr-20,LA,0,0,0
09-Apr-20,LD,0,0,0
09-Apr-20,MH,229,25,8
09-Apr-20,ML,0,0,0
09-Apr-20,MN,0,0,0
09-Apr-20,MP,70,9,0
09-Apr-20,MZ,0,0,0
09-Apr-20,NL,0,0,0
09-Apr-20,OR,6,0,0
09-Apr-20,PB,24,1,4
09-Apr-20,PY,0,0,0
09-Apr-20,RJ,80,0,15
09-Apr-20,SK,0,0,0
09-Apr-20,TG,18,1,0
09-Apr-20,TN,96,0,6
09-Apr-20,TR,0,0,0
09-Apr-20,TT,813,46,70
09-Apr-20,UN,0,0,0
09-Apr-20,UP,49,0,0
09-Apr-20,UT,0,0,0
09-Apr-20,WB,4,0,3
09-Jun-20,AN,1,0,0
09-Jun-20,AP,69,2,48
09-Jun-20,AR,0,0,1
09-Jun-20,AS,215,1,312
09-Jun-20,BR,208,2,228
09-Jun-20,CH,6,0,0
09-Jun-20,CT,14,1,12
09-Jun-20,DD,0,0,0
09-Jun-20,DL,1366,31,504
09-Jun-20,DN,2,0,0
09-Jun-20,GA,29,0,0
09-Jun-20,GJ,470,33,409
09-Jun-20,HP,16,0,14
09-Jun-20,HR,355,6,107
09-Jun-20,JH,126,1,40
09-Jun-20,JK,61,3,182
09-Jun-20,KA,161,2,164
09-Jun-20,KL,91,0,34
09-Jun-20,LA,5,0,0
09-Jun-20,LD,0,0,0
09-Jun-20,MH,2258,120,1664
09-Jun-20,ML,4,0,0
09-Jun-20,MN,32,0,6
09-Jun-20,MP,211,6,193
09-Jun-20,MZ,46,0,0
09-Jun-20,NL,5,0,2
09-Jun-20,OR,146,0,140
09-Jun-20,PB,56,2,39
09-Jun-20,PY,4,0,2
09-Jun-20,RJ,369,9,211
09-Jun-20,SK,6,0,3
09-Jun-20,TG,178,6,0
09-Jun-20,TN,1685,18,798
09-Jun-20,TR,26,1,0
09-Jun-20,TT,9981,272,5634
09-Jun-20,UN,874,0,0
09-Jun-20,UP,388,18,325
09-Jun-20,UT,126,0,41
09-Jun-20,WB,372,10,155
09-May-20,AN,0,0,0
09-May-20,AP,43,3,45
09-May-20,AR,0,0,0
09-May-20,AS,2,-1,0
09-May-20,BR,32,0,51
09-May-20,CH,23,0,3
09-May-20,CT,0,0,5
09-May-20,DD,0,0,0
09-May-20,DL,224,0,0
09-May-20,DN,0,0,0
09-May-20,GA,0,0,0
09-May-20,GJ,394,23,219
09-May-20,HP,2,0,1
09-May-20,HR,28,1,11
09-May-20,JH,2,0,37
09-May-20,JK,13,0,4
09-May-20,KA,41,0,10
09-May-20,KL,2,0,1
09-May-20,LA,0,0,0
09-May-20,LD,0,0,0
09-May-20,MH,1165,48,330
09-May-20,ML,1,0,0
09-May-20,MN,0,0,0
09-May-20,MP,116,11,131
09-May-20,MZ,0,0,0
09-May-20,NL,0,0,0
09-May-20,OR,82,1,5
09-May-20,PB,31,2,5
09-May-20,PY,0,0,0
09-May-20,RJ,129,3,151
09-May-20,SK,0,0,0
09-May-20,TG,31,1,24
09-May-20,TN,526,4,219
09-May-20,TR,17,0,0
09-May-20,TT,3175,115,1414
09-May-20,UN,0,0,0
09-May-20,UP,159,8,112
09-May-20,UT,4,0,1
09-May-20,WB,108,11,49
10-Apr-20,AN,0,0,0
10-Apr-20,AP,18,0,0
10-Apr-20,AR,0,0,0
10-Apr-20,AS,0,1,0
10-Apr-20,BR,2,0,0
10-Apr-20,CH,1,0,0
10-Apr-20,CT,0,0,0
10-Apr-20,DD,0,0,0
10-Apr-20,DL,183,2,2
10-Apr-20,DN,0,0,0
10-Apr-20,GA,0,0,1
10-Apr-20,GJ,116,1,7
10-Apr-20,HP,0,0,0
10-Apr-20,HR,6,0,4
10-Apr-20,JH,1,0,0
10-Apr-20,JK,23,0,0
10-Apr-20,KA,10,0,4
10-Apr-20,KL,7,0,27
10-Apr-20,LA,1,0,1
10-Apr-20,LD,0,0,0
10-Apr-20,MH,210,12,63
10-Apr-20,ML,0,0,0
10-Apr-20,MN,0,0,0
10-Apr-20,MP,40,4,12
10-Apr-20,MZ,0,0,0
10-Apr-20,NL,0,0,0
10-Apr-20,OR,2,0,10
10-Apr-20,PB,21,1,2
10-Apr-20,PY,2,0,0
10-Apr-20,RJ,98,0,0
10-Apr-20,SK,0,0,0
10-Apr-20,TG,16,0,0
10-Apr-20,TN,77,1,17
10-Apr-20,TR,1,0,0
10-Apr-20,TT,871,22,151
10-Apr-20,UN,0,0,0
10-Apr-20,UP,23,0,1
10-Apr-20,UT,0,0,0
10-Apr-20,WB,13,0,0
10-Jun-20,AN,1,0,0
10-Jun-20,AP,365,1,110
10-Jun-20,AR,4,0,2
10-Jun-20,AS,235,1,152
10-Jun-20,BR,243,1,164
10-Jun-20,CH,2,0,4
10-Jun-20,CT,51,1,4
10-Jun-20,DD,0,0,0
10-Jun-20,DL,1501,79,384
10-Jun-20,DN,5,0,0
10-Jun-20,GA,28,0,0
10-Jun-20,GJ,510,34,370
10-Jun-20,HP,14,1,13
10-Jun-20,HR,370,7,381
10-Jun-20,JH,135,0,33
10-Jun-20,JK,161,3,165
10-Jun-20,KA,120,3,257
10-Jun-20,KL,65,1,57
10-Jun-20,LA,7,0,0
10-Jun-20,LD,0,0,0
10-Jun-20,MH,3254,149,1877
10-Jun-20,ML,1,0,0
10-Jun-20,MN,7,0,0
10-Jun-20,MP,200,7,163
10-Jun-20,MZ,5,0,0
10-Jun-20,NL,1,0,12
10-Jun-20,OR,110,0,149
10-Jun-20,PB,86,0,65
10-Jun-20,PY,12,0,5
10-Jun-20,RJ,355,4,241
10-Jun-20,SK,0,0,0
10-Jun-20,TG,191,8,75
10-Jun-20,TN,1927,19,1008
10-Jun-20,TR,31,0,47
10-Jun-20,TT,11156,358,6275
10-Jun-20,UN,516,0,0
10-Jun-20,UP,275,20,302
10-Jun-20,UT,25,2,76
10-Jun-20,WB,343,17,159
10-May-20,AN,0,0,0
10-May-20,AP,50,1,38
10-May-20,AR,0,0,0
10-May-20,AS,1,0,0
10-May-20,BR,96,1,36
10-May-20,CH,4,1,0
10-May-20,CT,0,0,6
10-May-20,DD,0,0,0
10-May-20,DL,381,5,49
10-May-20,DN,0,0,0
10-May-20,GA,0,0,0
10-May-20,GJ,398,21,454
10-May-20,HP,6,0,0
10-May-20,HR,28,1,10
10-May-20,JH,1,0,0
10-May-20,JK,25,0,15
10-May-20,KA,54,1,36
10-May-20,KL,7,0,4
10-May-20,LA,0,0,3
10-May-20,LD,0,0,0
10-May-20,MH,1943,53,399
10-May-20,ML,0,0,0
10-May-20,MN,0,0,0
10-May-20,MP,157,4,196
10-May-20,MZ,0,0,0
10-May-20,NL,0,0,0
10-May-20,OR,25,0,0
10-May-20,PB,61,0,9
10-May-20,PY,2,0,1
10-May-20,RJ,106,2,79
10-May-20,SK,0,0,0
10-May-20,TG,33,0,0
10-May-20,TN,669,3,135
10-May-20,TR,16,0,0
10-May-20,TT,4311,112,1669
10-May-20,UN,0,0,0
10-May-20,UP,94,5,154
10-May-20,UT,1,0,0
10-May-20,WB,153,14,45
11-Apr-20,AN,0,0,0
11-Apr-20,AP,24,0,0
11-Apr-20,AR,0,0,0
11-Apr-20,AS,0,0,0
11-Apr-20,BR,4,0,0
11-Apr-20,CH,0,0,0
11-Apr-20,CT,7,0,0
11-Apr-20,DD,0,0,0
11-Apr-20,DL,166,5,0
11-Apr-20,DN,0,0,0
11-Apr-20,GA,0,0,4
11-Apr-20,GJ,90,3,11
11-Apr-20,HP,4,0,6
11-Apr-20,HR,3,0,0
11-Apr-20,JH,3,0,0
11-Apr-20,JK,17,0,0
11-Apr-20,KA,8,0,5
11-Apr-20,KL,10,1,19
11-Apr-20,LA,0,0,0
11-Apr-20,LD,0,0,0
11-Apr-20,MH,187,17,20
11-Apr-20,ML,0,0,0
11-Apr-20,MN,0,0,0
11-Apr-20,MP,78,4,1
11-Apr-20,MZ,0,0,0
11-Apr-20,NL,0,0,0
11-Apr-20,OR,4,0,0
11-Apr-20,PB,7,1,0
11-Apr-20,PY,0,0,0
11-Apr-20,RJ,139,6,56
11-Apr-20,SK,0,0,0
11-Apr-20,TG,16,2,51
11-Apr-20,TN,58,1,0
11-Apr-20,TR,0,0,0
11-Apr-20,TT,854,40,186
11-Apr-20,UN,0,0,0
11-Apr-20,UP,19,1,13
11-Apr-20,UT,0,0,0
11-Apr-20,WB,10,0,0
11-Jun-20,AN,3,0,0
11-Jun-20,AP,182,2,99
11-Jun-20,AR,6,0,0
11-Jun-20,AS,145,0,184
11-Jun-20,BR,250,0,152
11-Jun-20,CH,4,0,4
11-Jun-20,CT,136,0,70
11-Jun-20,DD,0,0,0
11-Jun-20,DL,1877,101,486
11-Jun-20,DN,1,0,0
11-Jun-20,GA,30,0,0
11-Jun-20,GJ,513,38,366
11-Jun-20,HP,19,0,26
11-Jun-20,HR,389,12,73
11-Jun-20,JH,48,0,38
11-Jun-20,JK,67,1,149
11-Jun-20,KA,204,3,114
11-Jun-20,KL,83,1,62
11-Jun-20,LA,20,0,4
11-Jun-20,LD,0,0,0
11-Jun-20,MH,3607,152,1562
11-Jun-20,ML,0,0,5
11-Jun-20,MN,55,0,9
11-Jun-20,MP,192,4,150
11-Jun-20,MZ,9,0,0
11-Jun-20,NL,2,0,7
11-Jun-20,OR,136,1,72
11-Jun-20,PB,82,4,27
11-Jun-20,PY,13,2,7
11-Jun-20,RJ,238,6,206
11-Jun-20,SK,0,0,0
11-Jun-20,TG,209,9,176
11-Jun-20,TN,1875,23,1372
11-Jun-20,TR,25,0,39
11-Jun-20,TT,11135,394,6044
11-Jun-20,UN,-296,0,0
11-Jun-20,UP,478,24,321
11-Jun-20,UT,93,1,55
11-Jun-20,WB,440,10,209
11-May-20,AN,0,0,0
11-May-20,AP,38,0,73
11-May-20,AR,0,0,0
11-May-20,AS,2,0,5
11-May-20,BR,42,0,23
11-May-20,CH,8,0,4
11-May-20,CT,0,0,4
11-May-20,DD,0,0,0
11-May-20,DL,310,0,60
11-May-20,DN,0,0,0
11-May-20,GA,0,0,0
11-May-20,GJ,347,20,235
11-May-20,HP,1,0,0
11-May-20,HR,27,1,37
11-May-20,JH,4,0,0
11-May-20,JK,18,1,44
11-May-20,KA,14,0,4
11-May-20,KL,7,0,0
11-May-20,LA,0,0,1
11-May-20,LD,0,0,0
11-May-20,MH,1230,36,587
11-May-20,ML,0,0,0
11-May-20,MN,0,0,0
11-May-20,MP,171,6,71
11-May-20,MZ,0,0,0
11-May-20,NL,0,0,0
11-May-20,OR,38,0,17
11-May-20,PB,54,0,2
11-May-20,PY,0,0,0
11-May-20,RJ,174,5,83
11-May-20,SK,0,0,0
11-May-20,TG,79,0,50
11-May-20,TN,798,6,92
11-May-20,TR,0,0,0
11-May-20,TT,3592,81,1579
11-May-20,UN,0,0,0
11-May-20,UP,106,1,105
11-May-20,UT,0,0,0
11-May-20,WB,124,5,82
12-Apr-20,AN,0,0,0
12-Apr-20,AP,15,1,2
12-Apr-20,AR,0,0,0
12-Apr-20,AS,1,0,0
12-Apr-20,BR,0,0,11
12-Apr-20,CH,2,0,0
12-Apr-20,CT,6,0,1
12-Apr-20,DD,0,0,0
12-Apr-20,DL,85,5,1
12-Apr-20,DN,0,0,0
12-Apr-20,GA,0,0,0
12-Apr-20,GJ,48,2,0
12-Apr-20,HP,0,0,4
12-Apr-20,HR,16,1,8
12-Apr-20,JH,2,1,0
12-Apr-20,JK,21,0,0
12-Apr-20,KA,17,0,15
12-Apr-20,KL,2,0,36
12-Apr-20,LA,0,0,0
12-Apr-20,LD,0,0,0
12-Apr-20,MH,221,22,9
12-Apr-20,ML,0,0,0
12-Apr-20,MN,0,0,0
12-Apr-20,MP,33,3,3
12-Apr-20,MZ,0,0,0
12-Apr-20,NL,0,0,0
12-Apr-20,OR,0,0,0
12-Apr-20,PB,12,0,3
12-Apr-20,PY,0,0,0
12-Apr-20,RJ,104,2,5
12-Apr-20,SK,0,0,0
12-Apr-20,TG,28,2,7
12-Apr-20,TN,106,1,6
12-Apr-20,TR,0,0,0
12-Apr-20,TT,758,42,114
12-Apr-20,UN,0,0,0
12-Apr-20,UP,31,0,0
12-Apr-20,UT,0,0,0
12-Apr-20,WB,8,2,3
12-Jun-20,AN,0,0,0
12-Jun-20,AP,207,0,123
12-Jun-20,AR,19,0,0
12-Jun-20,AS,263,2,152
12-Jun-20,BR,148,1,230
12-Jun-20,CH,13,0,2
12-Jun-20,CT,47,0,123
12-Jun-20,DD,0,0,0
12-Jun-20,DL,2137,129,667
12-Jun-20,DN,0,0,0
12-Jun-20,GA,46,0,2
12-Jun-20,GJ,495,31,392
12-Jun-20,HP,16,0,17
12-Jun-20,HR,366,6,214
12-Jun-20,JH,57,0,55
12-Jun-20,JK,156,1,266
12-Jun-20,KA,271,7,464
12-Jun-20,KL,78,1,32
12-Jun-20,LA,104,0,4
12-Jun-20,LD,0,0,0
12-Jun-20,MH,3493,127,1718
12-Jun-20,ML,0,0,4
12-Jun-20,MN,19,0,0
12-Jun-20,MP,202,9,159
12-Jun-20,MZ,2,0,0
12-Jun-20,NL,26,0,28
12-Jun-20,OR,112,1,120
12-Jun-20,PB,99,4,23
12-Jun-20,PY,6,1,9
12-Jun-20,RJ,230,7,236
12-Jun-20,SK,50,0,0
12-Jun-20,TG,164,9,285
12-Jun-20,TN,1982,18,1342
12-Jun-20,TR,41,0,0
12-Jun-20,TT,11306,388,7263
12-Jun-20,UN,-616,0,0
12-Jun-20,UP,528,20,317
12-Jun-20,UT,69,5,61
12-Jun-20,WB,476,9,218
12-May-20,AN,0,0,0
12-May-20,AP,71,1,58
12-May-20,AR,0,0,0
12-May-20,AS,0,0,0
12-May-20,BR,130,0,5
12-May-20,CH,6,0,2
12-May-20,CT,0,0,1
12-May-20,DD,0,0,0
12-May-20,DL,406,13,383
12-May-20,DN,0,0,1
12-May-20,GA,0,0,0
12-May-20,GJ,362,24,466
12-May-20,HP,8,0,0
12-May-20,HR,50,0,5
12-May-20,JH,11,0,1
12-May-20,JK,55,0,28
12-May-20,KA,63,0,7
12-May-20,KL,5,0,0
12-May-20,LA,0,0,0
12-May-20,LD,0,0,0
12-May-20,MH,1026,53,339
12-May-20,ML,0,0,0
12-May-20,MN,0,0,0
12-May-20,MP,201,4,113
12-May-20,MZ,0,0,0
12-May-20,NL,0,0,0
12-May-20,OR,22,0,31
12-May-20,PB,37,1,3
12-May-20,PY,0,0,0
12-May-20,RJ,138,4,130
12-May-20,SK,0,0,0
12-May-20,TG,51,2,21
12-May-20,TN,716,8,83
12-May-20,TR,2,0,0
12-May-20,TT,3562,120,1905
12-May-20,UN,0,0,0
12-May-20,UP,91,2,115
12-May-20,UT,1,0,0
12-May-20,WB,110,8,113
13-Apr-20,AN,0,0,0
13-Apr-20,AP,19,0,0
13-Apr-20,AR,0,0,0
13-Apr-20,AS,2,0,0
13-Apr-20,BR,2,0,2
13-Apr-20,CH,0,0,0
13-Apr-20,CT,0,0,0
13-Apr-20,DD,0,0,0
13-Apr-20,DL,356,4,3
13-Apr-20,DN,0,0,0
13-Apr-20,GA,0,0,0
13-Apr-20,GJ,56,2,10
13-Apr-20,HP,0,0,0
13-Apr-20,HR,1,0,7
13-Apr-20,JH,5,0,0
13-Apr-20,JK,25,0,10
13-Apr-20,KA,15,2,6
13-Apr-20,KL,3,0,19
13-Apr-20,LA,2,0,1
13-Apr-20,LD,0,0,0
13-Apr-20,MH,352,11,12
13-Apr-20,ML,1,0,0
13-Apr-20,MN,0,0,0
13-Apr-20,MP,52,7,10
13-Apr-20,MZ,0,0,0
13-Apr-20,NL,0,0,0
13-Apr-20,OR,1,0,6
13-Apr-20,PB,6,0,2
13-Apr-20,PY,0,0,0
13-Apr-20,RJ,93,0,0
13-Apr-20,SK,0,0,0
13-Apr-20,TG,61,1,0
13-Apr-20,TN,98,0,8
13-Apr-20,TR,0,0,0
13-Apr-20,TT,1243,27,112
13-Apr-20,UN,0,0,0
13-Apr-20,UP,75,0,4
13-Apr-20,UT,0,0,2
13-Apr-20,WB,18,0,10
13-Jun-20,AN,0,0,0
13-Jun-20,AP,222,2,94
13-Jun-20,AR,5,0,2
13-Jun-20,AS,207,0,221
13-Jun-20,BR,193,0,370
13-Jun-20,CH,5,0,0
13-Jun-20,CT,105,0,87
13-Jun-20,DD,0,0,0
13-Jun-20,DL,2134,57,1547
13-Jun-20,DN,5,0,0
13-Jun-20,GA,60,0,1
13-Jun-20,GJ,517,33,390
13-Jun-20,HP,16,0,16
13-Jun-20,HR,415,8,328
13-Jun-20,JH,55,0,131
13-Jun-20,JK,148,2,183
13-Jun-20,KA,308,3,208
13-Jun-20,KL,85,0,46
13-Jun-20,LA,198,0,10
13-Jun-20,LD,0,0,0
13-Jun-20,MH,3427,113,1550
13-Jun-20,ML,0,0,1
13-Jun-20,MN,64,0,0
13-Jun-20,MP,198,7,176
13-Jun-20,MZ,6,0,0
13-Jun-20,NL,7,0,27
13-Jun-20,OR,225,0,120
13-Jun-20,PB,77,2,45
13-Jun-20,PY,13,0,6
13-Jun-20,RJ,333,10,326
13-Jun-20,SK,0,0,2
13-Jun-20,TG,253,8,74
13-Jun-20,TN,1989,30,1362
13-Jun-20,TR,83,0,37
13-Jun-20,TT,12039,309,8092
13-Jun-20,UN,-331,0,0
13-Jun-20,UP,502,20,266
13-Jun-20,UT,61,2,130
13-Jun-20,WB,454,12,336
13-May-20,AN,0,0,0
13-May-20,AP,48,1,86
13-May-20,AR,0,0,0
13-May-20,AS,15,0,0
13-May-20,BR,74,1,18
13-May-20,CH,4,0,0
13-May-20,CT,0,0,1
13-May-20,DD,0,0,0
13-May-20,DL,359,20,346
13-May-20,DN,0,0,0
13-May-20,GA,0,0,0
13-May-20,GJ,364,29,316
13-May-20,HP,1,0,0
13-May-20,HR,13,0,76
13-May-20,JH,5,0,8
13-May-20,JK,37,1,11
13-May-20,KA,34,2,18
13-May-20,KL,10,0,1
13-May-20,LA,1,0,0
13-May-20,LD,0,0,0
13-May-20,MH,1495,54,422
13-May-20,ML,0,0,1
13-May-20,MN,0,0,0
13-May-20,MP,187,7,144
13-May-20,MZ,0,0,0
13-May-20,NL,0,0,0
13-May-20,OR,101,0,27
13-May-20,PB,10,0,29
13-May-20,PY,1,0,0
13-May-20,RJ,202,4,119
13-May-20,SK,0,0,0
13-May-20,TG,41,2,117
13-May-20,TN,509,3,41
13-May-20,TR,1,0,0
13-May-20,TT,3726,137,1963
13-May-20,UN,0,0,0
13-May-20,UP,94,4,92
13-May-20,UT,3,0,0
13-May-20,WB,117,9,90
14-Apr-20,AN,0,0,0
14-Apr-20,AP,45,4,4
14-Apr-20,AR,0,0,0
14-Apr-20,AS,1,0,0
14-Apr-20,BR,0,0,1
14-Apr-20,CH,0,0,0
14-Apr-20,CT,2,0,3
14-Apr-20,DD,0,0,0
14-Apr-20,DL,51,2,0
14-Apr-20,DN,0,0,0
14-Apr-20,GA,0,0,0
14-Apr-20,GJ,78,2,5
14-Apr-20,HP,1,0,1
14-Apr-20,HR,2,0,4
14-Apr-20,JH,3,0,0
14-Apr-20,JK,8,0,14
14-Apr-20,KA,13,2,11
14-Apr-20,KL,8,0,13
14-Apr-20,LA,0,0,0
14-Apr-20,LD,0,0,0
14-Apr-20,MH,346,18,30
14-Apr-20,ML,0,0,0
14-Apr-20,MN,0,0,0
14-Apr-20,MP,127,3,13
14-Apr-20,MZ,0,0,0
14-Apr-20,NL,0,0,0
14-Apr-20,OR,5,0,0
14-Apr-20,PB,8,1,2
14-Apr-20,PY,0,0,0
14-Apr-20,RJ,108,0,26
14-Apr-20,SK,0,0,0
14-Apr-20,TG,52,1,7
14-Apr-20,TN,31,1,23
14-Apr-20,TR,0,0,0
14-Apr-20,TT,1031,37,167
14-Apr-20,UN,0,0,0
14-Apr-20,UP,102,3,1
14-Apr-20,UT,2,0,2
14-Apr-20,WB,38,0,7
14-Jun-20,AN,2,0,0
14-Jun-20,AP,294,2,131
14-Jun-20,AR,3,0,1
14-Jun-20,AS,218,0,155
14-Jun-20,BR,186,1,289
14-Jun-20,CH,2,0,0
14-Jun-20,CT,121,3,88
14-Jun-20,DD,0,0,0
14-Jun-20,DL,2224,56,878
14-Jun-20,DN,4,0,0
14-Jun-20,GA,41,0,4
14-Jun-20,GJ,511,29,442
14-Jun-20,HP,16,0,17
14-Jun-20,HR,459,10,200
14-Jun-20,JH,52,0,89
14-Jun-20,JK,163,4,120
14-Jun-20,KA,176,5,312
14-Jun-20,KL,54,0,56
14-Jun-20,LA,112,0,12
14-Jun-20,LD,0,0,0
14-Jun-20,MH,3390,120,1632
14-Jun-20,ML,0,0,3
14-Jun-20,MN,9,0,18
14-Jun-20,MP,161,12,300
14-Jun-20,MZ,2,0,0
14-Jun-20,NL,10,0,4
14-Jun-20,OR,186,1,114
14-Jun-20,PB,77,2,29
14-Jun-20,PY,18,1,9
14-Jun-20,RJ,293,10,229
14-Jun-20,SK,5,0,0
14-Jun-20,TG,237,3,25
14-Jun-20,TN,1974,38,1138
14-Jun-20,TR,33,0,118
14-Jun-20,TT,11405,324,7358
14-Jun-20,UN,-548,0,0
14-Jun-20,UP,497,14,393
14-Jun-20,UT,34,1,34
14-Jun-20,WB,389,12,518
14-Mar-20,AN,0,0,0
14-Mar-20,AP,1,0,0
14-Mar-20,AR,0,0,0
14-Mar-20,AS,0,0,0
14-Mar-20,BR,0,0,0
14-Mar-20,CH,0,0,0
14-Mar-20,CT,0,0,0
14-Mar-20,DD,0,0,0
14-Mar-20,DL,7,1,1
14-Mar-20,DN,0,0,0
14-Mar-20,GA,0,0,0
14-Mar-20,GJ,0,0,0
14-Mar-20,HP,0,0,0
14-Mar-20,HR,14,0,0
14-Mar-20,JH,0,0,0
14-Mar-20,JK,2,0,0
14-Mar-20,KA,6,1,0
14-Mar-20,KL,19,0,3
14-Mar-20,LA,0,0,0
14-Mar-20,LD,0,0,0
14-Mar-20,MH,14,0,0
14-Mar-20,ML,0,0,0
14-Mar-20,MN,0,0,0
14-Mar-20,MP,0,0,0
14-Mar-20,MZ,0,0,0
14-Mar-20,NL,0,0,0
14-Mar-20,OR,0,0,0
14-Mar-20,PB,1,0,0
14-Mar-20,PY,0,0,0
14-Mar-20,RJ,3,0,1
14-Mar-20,SK,0,0,0
14-Mar-20,TG,1,0,0
14-Mar-20,TN,1,0,0
14-Mar-20,TR,0,0,0
14-Mar-20,TT,81,2,9
14-Mar-20,UN,0,0,0
14-Mar-20,UP,12,0,4
14-Mar-20,UT,0,0,0
14-Mar-20,WB,0,0,0
14-May-20,AN,0,0,0
14-May-20,AP,68,1,50
14-May-20,AR,0,0,0
14-May-20,AS,7,0,0
14-May-20,BR,46,0,12
14-May-20,CH,0,0,7
14-May-20,CT,1,0,1
14-May-20,DD,0,0,0
14-May-20,DL,472,9,187
14-May-20,DN,0,0,0
14-May-20,GA,8,0,0
14-May-20,GJ,324,20,191
14-May-20,HP,6,0,0
14-May-20,HR,25,0,21
14-May-20,JH,26,0,0
14-May-20,JK,12,0,19
14-May-20,KA,28,2,9
14-May-20,KL,26,0,3
14-May-20,LA,0,0,0
14-May-20,LD,0,0,0
14-May-20,MH,1602,44,542
14-May-20,ML,0,0,0
14-May-20,MN,1,0,0
14-May-20,MP,253,5,167
14-May-20,MZ,0,0,0
14-May-20,NL,0,0,0
14-May-20,OR,134,0,15
14-May-20,PB,11,0,23
14-May-20,PY,3,0,0
14-May-20,RJ,206,4,65
14-May-20,SK,0,0,0
14-May-20,TG,47,0,13
14-May-20,TN,447,2,65
14-May-20,TR,1,0,27
14-May-20,TT,3991,97,1594
14-May-20,UN,0,0,0
14-May-20,UP,144,2,107
14-May-20,UT,6,0,4
14-May-20,WB,87,8,66
15-Apr-20,AN,0,0,0
15-Apr-20,AP,41,3,4
15-Apr-20,AR,0,0,1
15-Apr-20,AS,0,0,2
15-Apr-20,BR,6,0,0
15-Apr-20,CH,0,0,2
15-Apr-20,CT,0,0,4
15-Apr-20,DD,0,0,0
15-Apr-20,DL,17,2,10
15-Apr-20,DN,0,0,0
15-Apr-20,GA,0,0,1
15-Apr-20,GJ,116,5,5
15-Apr-20,HP,2,0,0
15-Apr-20,HR,6,0,2
15-Apr-20,JH,1,0,0
15-Apr-20,JK,22,0,6
15-Apr-20,KA,19,2,9
15-Apr-20,KL,1,0,7
15-Apr-20,LA,1,0,0
15-Apr-20,LD,0,0,0
15-Apr-20,MH,236,9,36
15-Apr-20,ML,6,1,0
15-Apr-20,MN,0,0,0
15-Apr-20,MP,197,0,0
15-Apr-20,MZ,0,0,0
15-Apr-20,NL,0,0,0
15-Apr-20,OR,0,0,1
15-Apr-20,PB,2,0,0
15-Apr-20,PY,0,0,0
15-Apr-20,RJ,71,0,0
15-Apr-20,SK,0,0,0
15-Apr-20,TG,6,0,8
15-Apr-20,TN,38,2,37
15-Apr-20,TR,0,0,1
15-Apr-20,TT,886,27,144
15-Apr-20,UN,0,0,0
15-Apr-20,UP,75,3,7
15-Apr-20,UT,0,0,0
15-Apr-20,WB,23,0,1
15-Jun-20,AN,1,0,0
15-Jun-20,AP,304,2,69
15-Jun-20,AR,4,0,0
15-Jun-20,AS,191,0,245
15-Jun-20,BR,187,2,251
15-Jun-20,CH,5,1,6
15-Jun-20,CT,44,0,124
15-Jun-20,DD,0,0,0
15-Jun-20,DL,1647,73,604
15-Jun-20,DN,0,0,0
15-Jun-20,GA,28,0,11
15-Jun-20,GJ,514,28,339
15-Jun-20,HP,38,0,16
15-Jun-20,HR,514,12,562
15-Jun-20,JH,30,1,95
15-Jun-20,JK,179,3,215
15-Jun-20,KA,213,2,174
15-Jun-20,KL,82,1,73
15-Jun-20,LA,6,0,2
15-Jun-20,LD,0,0,0
15-Jun-20,MH,2786,178,5071
15-Jun-20,ML,0,0,0
15-Jun-20,MN,32,0,60
15-Jun-20,MP,133,6,226
15-Jun-20,MZ,5,0,0
15-Jun-20,NL,4,0,0
15-Jun-20,OR,146,0,146
15-Jun-20,PB,127,4,87
15-Jun-20,PY,8,0,4
15-Jun-20,RJ,287,9,219
15-Jun-20,SK,0,0,0
15-Jun-20,TG,219,2,389
15-Jun-20,TN,1843,44,797
15-Jun-20,TR,10,0,0
15-Jun-20,TT,10032,396,10639
15-Jun-20,UN,-464,0,0
15-Jun-20,UP,476,18,342
15-Jun-20,UT,26,0,78
15-Jun-20,WB,407,10,434
15-Mar-20,AN,0,0,0
15-Mar-20,AP,0,0,0
15-Mar-20,AR,0,0,0
15-Mar-20,AS,0,0,0
15-Mar-20,BR,0,0,0
15-Mar-20,CH,0,0,0
15-Mar-20,CT,0,0,0
15-Mar-20,DD,0,0,0
15-Mar-20,DL,0,0,1
15-Mar-20,DN,0,0,0
15-Mar-20,GA,0,0,0
15-Mar-20,GJ,0,0,0
15-Mar-20,HP,0,0,0
15-Mar-20,HR,0,0,0
15-Mar-20,JH,0,0,0
15-Mar-20,JK,0,0,0
15-Mar-20,KA,0,0,0
15-Mar-20,KL,5,0,0
15-Mar-20,LA,0,0,0
15-Mar-20,LD,0,0,0
15-Mar-20,MH,18,0,0
15-Mar-20,ML,0,0,0
15-Mar-20,MN,0,0,0
15-Mar-20,MP,0,0,0
15-Mar-20,MZ,0,0,0
15-Mar-20,NL,0,0,0
15-Mar-20,OR,0,0,0
15-Mar-20,PB,0,0,0
15-Mar-20,PY,0,0,0
15-Mar-20,RJ,1,0,2
15-Mar-20,SK,0,0,0
15-Mar-20,TG,2,0,1
15-Mar-20,TN,0,0,0
15-Mar-20,TR,0,0,0
15-Mar-20,TT,27,0,4
15-Mar-20,UN,0,0,0
15-Mar-20,UP,1,0,0
15-Mar-20,UT,0,0,0
15-Mar-20,WB,0,0,0
15-May-20,AN,0,0,0
15-May-20,AP,102,0,60
15-May-20,AR,0,0,0
15-May-20,AS,3,0,1
15-May-20,BR,34,0,28
15-May-20,CH,0,0,3
15-May-20,CT,6,0,0
15-May-20,DD,0,0,0
15-May-20,DL,425,8,473
15-May-20,DN,0,0,0
15-May-20,GA,0,0,0
15-May-20,GJ,340,20,282
15-May-20,HP,2,0,0
15-May-20,HR,36,2,25
15-May-20,JH,8,0,10
15-May-20,JK,30,0,28
15-May-20,KA,69,1,20
15-May-20,KL,16,0,0
15-May-20,LA,0,0,2
15-May-20,LD,0,0,0
15-May-20,MH,1576,49,475
15-May-20,ML,0,0,0
15-May-20,MN,0,0,0
15-May-20,MP,169,2,112
15-May-20,MZ,0,0,0
15-May-20,NL,0,0,0
15-May-20,OR,65,0,8
15-May-20,PB,-3,0,82
15-May-20,PY,0,0,0
15-May-20,RJ,213,0,91
15-May-20,SK,0,0,0
15-May-20,TG,40,0,7
15-May-20,TN,434,5,359
15-May-20,TR,0,0,13
15-May-20,TT,3808,104,2234
15-May-20,UN,0,0,0
15-May-20,UP,155,7,93
15-May-20,UT,4,0,1
15-May-20,WB,84,10,61
16-Apr-20,AN,0,0,1
16-Apr-20,AP,9,0,0
16-Apr-20,AR,0,0,0
16-Apr-20,AS,2,0,3
16-Apr-20,BR,11,0,8
16-Apr-20,CH,0,0,0
16-Apr-20,CT,3,0,6
16-Apr-20,DD,0,0,0
16-Apr-20,DL,62,6,11
16-Apr-20,DN,0,0,0
16-Apr-20,GA,0,0,0
16-Apr-20,GJ,163,3,9
16-Apr-20,HP,0,0,3
16-Apr-20,HR,11,0,8
16-Apr-20,JH,1,0,0
16-Apr-20,JK,14,0,2
16-Apr-20,KA,36,1,2
16-Apr-20,KL,7,0,27
16-Apr-20,LA,0,0,2
16-Apr-20,LD,0,0,0
16-Apr-20,MH,285,7,5
16-Apr-20,ML,2,0,0
16-Apr-20,MN,0,0,0
16-Apr-20,MP,226,2,6
16-Apr-20,MZ,0,0,0
16-Apr-20,NL,0,0,0
16-Apr-20,OR,0,0,0
16-Apr-20,PB,11,1,2
16-Apr-20,PY,0,0,0
16-Apr-20,RJ,55,0,17
16-Apr-20,SK,0,0,0
16-Apr-20,TG,50,0,68
16-Apr-20,TN,25,1,62
16-Apr-20,TR,0,0,0
16-Apr-20,TT,1061,26,258
16-Apr-20,UN,0,0,0
16-Apr-20,UP,70,2,11
16-Apr-20,UT,0,0,0
16-Apr-20,WB,18,3,5
16-Jun-20,AN,3,0,0
16-Jun-20,AP,264,2,128
16-Jun-20,AR,4,0,0
16-Jun-20,AS,201,0,206
16-Jun-20,BR,148,1,345
16-Jun-20,CH,8,0,1
16-Jun-20,CT,69,0,91
16-Jun-20,DD,0,0,0
16-Jun-20,DL,1859,437,73
16-Jun-20,DN,15,0,7
16-Jun-20,GA,37,0,0
16-Jun-20,GJ,524,28,418
16-Jun-20,HP,4,0,19
16-Jun-20,HR,550,18,183
16-Jun-20,JH,46,0,121
16-Jun-20,JK,78,1,177
16-Jun-20,KA,317,7,322
16-Jun-20,KL,79,0,60
16-Jun-20,LA,94,0,3
16-Jun-20,LD,0,0,0
16-Jun-20,MH,2701,1409,1802
16-Jun-20,ML,0,0,2
16-Jun-20,MN,10,0,8
16-Jun-20,MP,148,11,249
16-Jun-20,MZ,4,0,0
16-Jun-20,NL,2,0,15
16-Jun-20,OR,108,0,120
16-Jun-20,PB,104,1,18
16-Jun-20,PY,14,0,4
16-Jun-20,RJ,235,7,177
16-Jun-20,SK,0,0,0
16-Jun-20,TG,213,4,261
16-Jun-20,TN,1515,49,1438
16-Jun-20,TR,1,0,123
16-Jun-20,TT,11086,2004,7226
16-Jun-20,UN,712,0,0
16-Jun-20,UP,507,18,294
16-Jun-20,UT,97,1,27
16-Jun-20,WB,415,10,534
16-Mar-20,AN,0,0,0
16-Mar-20,AP,0,0,0
16-Mar-20,AR,0,0,0
16-Mar-20,AS,0,0,0
16-Mar-20,BR,0,0,0
16-Mar-20,CH,0,0,0
16-Mar-20,CT,0,0,0
16-Mar-20,DD,0,0,0
16-Mar-20,DL,0,0,0
16-Mar-20,DN,0,0,0
16-Mar-20,GA,0,0,0
16-Mar-20,GJ,0,0,0
16-Mar-20,HP,0,0,0
16-Mar-20,HR,0,0,0
16-Mar-20,JH,0,0,0
16-Mar-20,JK,1,0,0
16-Mar-20,KA,1,0,0
16-Mar-20,KL,3,0,0
16-Mar-20,LA,0,0,0
16-Mar-20,LD,0,0,0
16-Mar-20,MH,6,0,0
16-Mar-20,ML,0,0,0
16-Mar-20,MN,0,0,0
16-Mar-20,MP,0,0,0
16-Mar-20,MZ,0,0,0
16-Mar-20,NL,0,0,0
16-Mar-20,OR,1,0,0
16-Mar-20,PB,0,0,0
16-Mar-20,PY,1,0,0
16-Mar-20,RJ,0,0,0
16-Mar-20,SK,0,0,0
16-Mar-20,TG,1,0,0
16-Mar-20,TN,0,0,1
16-Mar-20,TR,0,0,0
16-Mar-20,TT,15,0,1
16-Mar-20,UN,0,0,0
16-Mar-20,UP,0,0,0
16-Mar-20,UT,1,0,0
16-Mar-20,WB,0,0,0
16-May-20,AN,0,0,0
16-May-20,AP,48,1,101
16-May-20,AR,0,0,0
16-May-20,AS,3,0,0
16-May-20,BR,145,1,33
16-May-20,CH,0,0,11
16-May-20,CT,1,0,2
16-May-20,DD,0,0,0
16-May-20,DL,438,6,408
16-May-20,DN,0,0,0
16-May-20,GA,5,0,0
16-May-20,GJ,1057,19,273
16-May-20,HP,2,0,4
16-May-20,HR,33,0,50
16-May-20,JH,6,0,16
16-May-20,JK,108,1,29
16-May-20,KA,36,0,16
16-May-20,KL,11,0,4
16-May-20,LA,0,0,0
16-May-20,LD,0,0,0
16-May-20,MH,1606,67,524
16-May-20,ML,0,0,0
16-May-20,MN,4,0,0
16-May-20,MP,195,4,32
16-May-20,MZ,0,0,0
16-May-20,NL,0,0,0
16-May-20,OR,0,0,30
16-May-20,PB,14,0,952
16-May-20,PY,1,0,0
16-May-20,RJ,213,1,215
16-May-20,SK,0,0,0
16-May-20,TG,55,0,12
16-May-20,TN,477,4,939
16-May-20,TR,11,0,22
16-May-20,TT,4794,120,4012
16-May-20,UN,0,0,0
16-May-20,UP,201,9,276
16-May-20,UT,9,0,0
16-May-20,WB,115,7,63
17-Apr-20,AN,1,0,0
17-Apr-20,AP,38,0,15
17-Apr-20,AR,0,0,0
17-Apr-20,AS,0,0,4
17-Apr-20,BR,2,0,0
17-Apr-20,CH,0,0,0
17-Apr-20,CT,0,0,1
17-Apr-20,DD,0,0,0
17-Apr-20,DL,67,4,20
17-Apr-20,DN,0,0,0
17-Apr-20,GA,0,0,0
17-Apr-20,GJ,170,5,13
17-Apr-20,HP,3,0,0
17-Apr-20,HR,8,0,21
17-Apr-20,JH,3,0,0
17-Apr-20,JK,14,1,4
17-Apr-20,KA,44,0,6
17-Apr-20,KL,1,0,10
17-Apr-20,LA,0,0,0
17-Apr-20,LD,0,0,0
17-Apr-20,MH,120,7,31
17-Apr-20,ML,0,0,0
17-Apr-20,MN,0,0,0
17-Apr-20,MP,146,14,0
17-Apr-20,MZ,0,0,0
17-Apr-20,NL,0,0,0
17-Apr-20,OR,0,0,2
17-Apr-20,PB,14,0,1
17-Apr-20,PY,0,0,0
17-Apr-20,RJ,98,6,19
17-Apr-20,SK,0,0,0
17-Apr-20,TG,66,0,0
17-Apr-20,TN,56,0,103
17-Apr-20,TR,0,0,0
17-Apr-20,TT,922,38,273
17-Apr-20,UN,0,0,0
17-Apr-20,UP,44,1,14
17-Apr-20,UT,3,0,0
17-Apr-20,WB,24,0,9
17-Jun-20,AN,0,0,0
17-Jun-20,AP,351,2,128
17-Jun-20,AR,4,0,3
17-Jun-20,AS,184,0,231
17-Jun-20,BR,130,0,205
17-Jun-20,CH,5,0,4
17-Jun-20,CT,80,0,165
17-Jun-20,DD,0,0,0
17-Jun-20,DL,2414,67,957
17-Jun-20,DN,5,0,3
17-Jun-20,GA,27,0,11
17-Jun-20,GJ,520,27,348
17-Jun-20,HP,25,0,7
17-Jun-20,HR,560,12,204
17-Jun-20,JH,57,1,30
17-Jun-20,JK,108,1,133
17-Jun-20,KA,204,8,348
17-Jun-20,KL,75,0,90
17-Jun-20,LA,38,0,7
17-Jun-20,LD,0,0,0
17-Jun-20,MH,3307,114,1315
17-Jun-20,ML,-1,0,3
17-Jun-20,MN,52,0,33
17-Jun-20,MP,161,6,236
17-Jun-20,MZ,0,0,0
17-Jun-20,NL,14,0,0
17-Jun-20,OR,175,0,73
17-Jun-20,PB,126,6,77
17-Jun-20,PY,29,1,10
17-Jun-20,RJ,326,5,505
17-Jun-20,SK,2,0,0
17-Jun-20,TG,269,1,44
17-Jun-20,TN,2174,48,842
17-Jun-20,TR,43,0,0
17-Jun-20,TT,13108,341,6890
17-Jun-20,UN,589,0,0
17-Jun-20,UP,583,30,335
17-Jun-20,UT,81,1,38
17-Jun-20,WB,391,11,505
17-Mar-20,AN,0,0,0
17-Mar-20,AP,0,0,0
17-Mar-20,AR,0,0,0
17-Mar-20,AS,0,0,0
17-Mar-20,BR,0,0,0
17-Mar-20,CH,0,0,0
17-Mar-20,CT,0,0,0
17-Mar-20,DD,0,0,0
17-Mar-20,DL,1,0,0
17-Mar-20,DN,0,0,0
17-Mar-20,GA,0,0,0
17-Mar-20,GJ,0,0,0
17-Mar-20,HP,0,0,0
17-Mar-20,HR,1,0,0
17-Mar-20,JH,0,0,0
17-Mar-20,JK,0,0,0
17-Mar-20,KA,2,0,0
17-Mar-20,KL,0,0,0
17-Mar-20,LA,0,0,0
17-Mar-20,LD,0,0,0
17-Mar-20,MH,3,1,0
17-Mar-20,ML,0,0,0
17-Mar-20,MN,0,0,0
17-Mar-20,MP,0,0,0
17-Mar-20,MZ,0,0,0
17-Mar-20,NL,0,0,0
17-Mar-20,OR,0,0,0
17-Mar-20,PB,0,0,0
17-Mar-20,PY,0,0,0
17-Mar-20,RJ,0,0,0
17-Mar-20,SK,0,0,0
17-Mar-20,TG,1,0,0
17-Mar-20,TN,0,0,0
17-Mar-20,TR,0,0,0
17-Mar-20,TT,11,1,1
17-Mar-20,UN,0,0,0
17-Mar-20,UP,2,0,1
17-Mar-20,UT,0,0,0
17-Mar-20,WB,1,0,0
17-May-20,AN,0,0,0
17-May-20,AP,25,1,103
17-May-20,AR,0,0,0
17-May-20,AS,8,0,1
17-May-20,BR,142,0,0
17-May-20,CH,0,0,0
17-May-20,CT,18,0,1
17-May-20,DD,0,0,0
17-May-20,DL,422,19,276
17-May-20,DN,0,0,0
17-May-20,GA,9,0,0
17-May-20,GJ,391,34,191
17-May-20,HP,2,0,1
17-May-20,HR,23,1,48
17-May-20,JH,6,0,0
17-May-20,JK,62,1,33
17-May-20,KA,55,1,13
17-May-20,KL,14,0,0
17-May-20,LA,0,0,0
17-May-20,LD,0,0,0
17-May-20,MH,2347,63,600
17-May-20,ML,0,0,0
17-May-20,MN,0,0,0
17-May-20,MP,187,5,88
17-May-20,MZ,0,0,0
17-May-20,NL,0,0,0
17-May-20,OR,91,1,24
17-May-20,PB,18,3,109
17-May-20,PY,0,0,0
17-May-20,RJ,242,5,111
17-May-20,SK,0,0,0
17-May-20,TG,42,0,21
17-May-20,TN,639,4,634
17-May-20,TR,-2,0,21
17-May-20,TT,5049,152,2538
17-May-20,UN,0,0,0
17-May-20,UP,206,8,195
17-May-20,UT,1,0,1
17-May-20,WB,101,6,67
18-Apr-20,AN,2,0,0
18-Apr-20,AP,31,2,7
18-Apr-20,AR,0,0,0
18-Apr-20,AS,0,0,3
18-Apr-20,BR,1,1,5
18-Apr-20,CH,2,0,0
18-Apr-20,CT,0,0,1
18-Apr-20,DD,0,0,0
18-Apr-20,DL,186,1,135
18-Apr-20,DN,0,0,0
18-Apr-20,GA,0,0,0
18-Apr-20,GJ,277,12,7
18-Apr-20,HP,1,0,0
18-Apr-20,HR,9,0,14
18-Apr-20,JH,1,0,0
18-Apr-20,JK,13,0,9
18-Apr-20,KA,25,1,16
18-Apr-20,KL,4,0,2
18-Apr-20,LA,0,0,0
18-Apr-20,LD,0,0,0
18-Apr-20,MH,327,10,34
18-Apr-20,ML,2,0,0
18-Apr-20,MN,0,0,0
18-Apr-20,MP,92,0,57
18-Apr-20,MZ,0,0,0
18-Apr-20,NL,0,0,0
18-Apr-20,OR,1,0,3
18-Apr-20,PB,23,2,1
18-Apr-20,PY,0,0,3
18-Apr-20,RJ,122,4,17
18-Apr-20,SK,0,0,0
18-Apr-20,TG,43,0,0
18-Apr-20,TN,49,0,82
18-Apr-20,TR,0,0,0
18-Apr-20,TT,1371,35,426
18-Apr-20,UN,0,0,0
18-Apr-20,UP,126,0,26
18-Apr-20,UT,2,0,0
18-Apr-20,WB,32,2,4
18-Jun-20,AN,1,0,2
18-Jun-20,AP,425,2,131
18-Jun-20,AR,0,0,1
18-Jun-20,AS,209,1,206
18-Jun-20,BR,100,5,185
18-Jun-20,CH,4,0,0
18-Jun-20,CT,82,0,103
18-Jun-20,DD,0,0,0
18-Jun-20,DL,2877,65,3884
18-Jun-20,DN,4,0,2
18-Jun-20,GA,49,0,13
18-Jun-20,GJ,510,31,389
18-Jun-20,HP,10,0,5
18-Jun-20,HR,386,4,604
18-Jun-20,JH,23,1,47
18-Jun-20,JK,149,7,230
18-Jun-20,KA,210,12,176
18-Jun-20,KL,97,1,89
18-Jun-20,LA,0,0,3
18-Jun-20,LD,0,0,0
18-Jun-20,MH,3752,100,1672
18-Jun-20,ML,0,0,1
18-Jun-20,MN,54,0,7
18-Jun-20,MP,182,4,244
18-Jun-20,MZ,9,0,0
18-Jun-20,NL,0,0,6
18-Jun-20,OR,174,0,97
18-Jun-20,PB,118,5,32
18-Jun-20,PY,26,1,7
18-Jun-20,RJ,315,17,275
18-Jun-20,SK,0,0,1
18-Jun-20,TG,352,3,230
18-Jun-20,TN,2141,49,1017
18-Jun-20,TR,21,0,83
18-Jun-20,TT,13829,343,10741
18-Jun-20,UN,430,0,0
18-Jun-20,UP,604,23,399
18-Jun-20,UT,80,0,132
18-Jun-20,WB,435,12,468
18-Mar-20,AN,0,0,0
18-Mar-20,AP,0,0,0
18-Mar-20,AR,0,0,0
18-Mar-20,AS,0,0,0
18-Mar-20,BR,0,0,0
18-Mar-20,CH,0,0,0
18-Mar-20,CT,0,0,0
18-Mar-20,DD,0,0,0
18-Mar-20,DL,2,0,0
18-Mar-20,DN,0,0,0
18-Mar-20,GA,0,0,0
18-Mar-20,GJ,0,0,0
18-Mar-20,HP,0,0,0
18-Mar-20,HR,1,0,0
18-Mar-20,JH,0,0,0
18-Mar-20,JK,1,0,0
18-Mar-20,KA,5,0,0
18-Mar-20,KL,0,0,0
18-Mar-20,LA,8,0,0
18-Mar-20,LD,0,0,0
18-Mar-20,MH,3,0,0
18-Mar-20,ML,0,0,0
18-Mar-20,MN,0,0,0
18-Mar-20,MP,0,0,0
18-Mar-20,MZ,0,0,0
18-Mar-20,NL,0,0,0
18-Mar-20,OR,1,0,0
18-Mar-20,PB,1,0,0
18-Mar-20,PY,0,0,0
18-Mar-20,RJ,3,0,0
18-Mar-20,SK,0,0,0
18-Mar-20,TG,8,0,0
18-Mar-20,TN,1,0,0
18-Mar-20,TR,0,0,0
18-Mar-20,TT,37,0,0
18-Mar-20,UN,0,0,0
18-Mar-20,UP,2,0,0
18-Mar-20,UT,1,0,0
18-Mar-20,WB,0,0,0
18-May-20,AN,0,0,0
18-May-20,AP,52,0,96
18-May-20,AR,0,0,0
18-May-20,AS,15,2,0
18-May-20,BR,103,1,44
18-May-20,CH,5,0,3
18-May-20,CT,10,0,0
18-May-20,DD,0,0,0
18-May-20,DL,299,12,283
18-May-20,DN,0,0,0
18-May-20,GA,9,0,0
18-May-20,GJ,366,35,305
18-May-20,HP,10,0,2
18-May-20,HR,18,0,36
18-May-20,JH,5,0,14
18-May-20,JK,106,2,34
18-May-20,KA,99,0,21
18-May-20,KL,29,0,0
18-May-20,LA,0,0,19
18-May-20,LD,0,0,0
18-May-20,MH,2005,51,749
18-May-20,ML,0,0,1
18-May-20,MN,0,0,0
18-May-20,MP,259,4,32
18-May-20,MZ,0,0,0
18-May-20,NL,0,0,0
18-May-20,OR,48,0,57
18-May-20,PB,16,2,181
18-May-20,PY,0,0,0
18-May-20,RJ,305,7,163
18-May-20,SK,0,0,0
18-May-20,TG,41,0,10
18-May-20,TN,536,3,234
18-May-20,TR,0,0,4
18-May-20,TT,4628,131,2482
18-May-20,UN,0,0,0
18-May-20,UP,141,6,147
18-May-20,UT,4,0,0
18-May-20,WB,147,6,47
19-Apr-20,AN,1,0,0
19-Apr-20,AP,44,1,23
19-Apr-20,AR,0,0,0
19-Apr-20,AS,0,0,5
19-Apr-20,BR,10,0,0
19-Apr-20,CH,3,0,4
19-Apr-20,CT,0,0,0
19-Apr-20,DD,0,0,0
19-Apr-20,DL,110,2,83
19-Apr-20,DN,0,0,0
19-Apr-20,GA,0,0,1
19-Apr-20,GJ,367,10,12
19-Apr-20,HP,0,0,0
19-Apr-20,HR,18,0,4
19-Apr-20,JH,8,0,0
19-Apr-20,JK,13,0,5
19-Apr-20,KA,6,2,7
19-Apr-20,KL,2,0,13
19-Apr-20,LA,0,0,0
19-Apr-20,LD,0,0,0
19-Apr-20,MH,552,12,142
19-Apr-20,ML,0,0,0
19-Apr-20,MN,0,0,0
19-Apr-20,MP,5,3,4
19-Apr-20,MZ,0,0,0
19-Apr-20,NL,0,0,0
19-Apr-20,OR,0,0,0
19-Apr-20,PB,10,0,6
19-Apr-20,PY,0,0,0
19-Apr-20,RJ,127,2,5
19-Apr-20,SK,0,0,0
19-Apr-20,TG,49,3,0
19-Apr-20,TN,105,0,46
19-Apr-20,TR,0,0,0
19-Apr-20,TT,1580,38,388
19-Apr-20,UN,0,0,0
19-Apr-20,UP,125,3,19
19-Apr-20,UT,2,0,2
19-Apr-20,WB,23,0,7
19-Jun-20,AN,2,0,0
19-Jun-20,AP,465,4,133
19-Jun-20,AR,32,0,3
19-Jun-20,AS,0,0,218
19-Jun-20,BR,250,5,137
19-Jun-20,CH,7,0,9
19-Jun-20,CT,72,1,103
19-Jun-20,DD,0,0,0
19-Jun-20,DL,3137,66,2228
19-Jun-20,DN,14,0,0
19-Jun-20,GA,20,0,9
19-Jun-20,GJ,540,27,340
19-Jun-20,HP,32,0,12
19-Jun-20,HR,525,10,333
19-Jun-20,JH,42,0,137
19-Jun-20,JK,125,4,50
19-Jun-20,KA,337,9,230
19-Jun-20,KL,118,0,96
19-Jun-20,LA,57,0,0
19-Jun-20,LD,0,0,0
19-Jun-20,MH,3827,142,1935
19-Jun-20,ML,0,0,0
19-Jun-20,MN,75,0,19
19-Jun-20,MP,156,9,116
19-Jun-20,MZ,0,0,8
19-Jun-20,NL,5,0,16
19-Jun-20,OR,165,0,153
19-Jun-20,PB,217,9,66
19-Jun-20,PY,16,1,2
19-Jun-20,RJ,299,3,255
19-Jun-20,SK,0,0,16
19-Jun-20,TG,499,3,51
19-Jun-20,TN,2115,41,1630
19-Jun-20,TR,27,0,18
19-Jun-20,TT,14638,364,9029
19-Jun-20,UN,224,0,0
19-Jun-20,UP,809,19,357
19-Jun-20,UT,74,0,47
19-Jun-20,WB,355,11,302
19-Mar-20,AN,0,0,0
19-Mar-20,AP,2,0,0
19-Mar-20,AR,0,0,0
19-Mar-20,AS,0,0,0
19-Mar-20,BR,0,0,0
19-Mar-20,CH,1,0,0
19-Mar-20,CT,1,0,0
19-Mar-20,DD,0,0,0
19-Mar-20,DL,4,0,1
19-Mar-20,DN,0,0,0
19-Mar-20,GA,0,0,0
19-Mar-20,GJ,2,0,0
19-Mar-20,HP,0,0,0
19-Mar-20,HR,1,0,0
19-Mar-20,JH,0,0,0
19-Mar-20,JK,0,0,0
19-Mar-20,KA,1,0,0
19-Mar-20,KL,1,0,0
19-Mar-20,LA,0,0,0
19-Mar-20,LD,0,0,0
19-Mar-20,MH,4,0,0
19-Mar-20,ML,0,0,0
19-Mar-20,MN,0,0,0
19-Mar-20,MP,0,0,0
19-Mar-20,MZ,0,0,0
19-Mar-20,NL,0,0,0
19-Mar-20,OR,0,0,0
19-Mar-20,PB,0,1,0
19-Mar-20,PY,0,0,0
19-Mar-20,RJ,2,0,0
19-Mar-20,SK,0,0,0
19-Mar-20,TG,3,0,0
19-Mar-20,TN,1,0,0
19-Mar-20,TR,0,0,0
19-Mar-20,TT,27,1,5
19-Mar-20,UN,0,0,0
19-Mar-20,UP,3,0,4
19-Mar-20,UT,1,0,0
19-Mar-20,WB,0,0,0
19-May-20,AN,0,0,0
19-May-20,AP,57,2,69
19-May-20,AR,0,0,0
19-May-20,AS,42,0,0
19-May-20,BR,96,0,0
19-May-20,CH,3,0,3
19-May-20,CT,5,0,0
19-May-20,DD,0,0,0
19-May-20,DL,500,6,265
19-May-20,DN,0,0,0
19-May-20,GA,8,0,0
19-May-20,GJ,395,25,239
19-May-20,HP,2,1,5
19-May-20,HR,36,0,29
19-May-20,JH,20,0,0
19-May-20,JK,28,2,38
19-May-20,KA,149,3,13
19-May-20,KL,12,0,0
19-May-20,LA,0,0,0
19-May-20,LD,0,0,0
19-May-20,MH,2078,76,1202
19-May-20,ML,0,0,0
19-May-20,MN,2,0,0
19-May-20,MP,229,6,196
19-May-20,MZ,0,0,0
19-May-20,NL,0,0,0
19-May-20,OR,102,1,30
19-May-20,PB,22,1,95
19-May-20,PY,5,0,1
19-May-20,RJ,338,5,119
19-May-20,SK,0,0,0
19-May-20,TG,42,4,9
19-May-20,TN,688,3,489
19-May-20,TR,8,0,27
19-May-20,TT,6154,146,3032
19-May-20,UN,814,0,0
19-May-20,UP,321,5,135
19-May-20,UT,15,0,0
19-May-20,WB,137,6,68
20-Apr-20,AN,1,0,0
20-Apr-20,AP,75,3,27
20-Apr-20,AR,0,0,0
20-Apr-20,AS,0,0,2
20-Apr-20,BR,17,0,0
20-Apr-20,CH,0,0,1
20-Apr-20,CT,0,0,0
20-Apr-20,DD,0,0,0
20-Apr-20,DL,78,2,141
20-Apr-20,DN,0,0,0
20-Apr-20,GA,0,0,0
20-Apr-20,GJ,196,8,26
20-Apr-20,HP,0,0,0
20-Apr-20,HR,1,0,37
20-Apr-20,JH,5,0,4
20-Apr-20,JK,14,0,15
20-Apr-20,KA,18,0,1
20-Apr-20,KL,6,0,21
20-Apr-20,LA,0,0,0
20-Apr-20,LD,0,0,0
20-Apr-20,MH,466,9,65
20-Apr-20,ML,0,0,0
20-Apr-20,MN,0,0,1
20-Apr-20,MP,78,4,7
20-Apr-20,MZ,0,0,0
20-Apr-20,NL,0,0,0
20-Apr-20,OR,13,0,0
20-Apr-20,PB,1,0,1
20-Apr-20,PY,0,0,0
20-Apr-20,RJ,98,2,0
20-Apr-20,SK,0,0,0
20-Apr-20,TG,14,2,0
20-Apr-20,TN,43,2,46
20-Apr-20,TR,0,0,0
20-Apr-20,TT,1239,33,419
20-Apr-20,UN,0,0,0
20-Apr-20,UP,84,1,13
20-Apr-20,UT,2,0,7
20-Apr-20,WB,29,0,4
20-Jun-20,AN,0,0,0
20-Jun-20,AP,491,5,206
20-Jun-20,AR,0,0,1
20-Jun-20,AS,249,0,136
20-Jun-20,BR,213,0,269
20-Jun-20,CH,23,0,1
20-Jun-20,CT,116,1,63
20-Jun-20,DD,0,0,0
20-Jun-20,DL,3630,77,7725
20-Jun-20,DN,17,0,12
20-Jun-20,GA,29,0,11
20-Jun-20,GJ,539,20,535
20-Jun-20,HP,29,0,20
20-Jun-20,HR,480,5,239
20-Jun-20,JH,63,0,69
20-Jun-20,JK,154,6,142
20-Jun-20,KA,416,9,183
20-Jun-20,KL,127,0,57
20-Jun-20,LA,92,0,22
20-Jun-20,LD,0,0,0
20-Jun-20,MH,3874,91,1380
20-Jun-20,ML,0,0,0
20-Jun-20,MN,96,0,14
20-Jun-20,MP,142,6,132
20-Jun-20,MZ,10,0,0
20-Jun-20,NL,3,0,13
20-Jun-20,OR,179,1,237
20-Jun-20,PB,120,6,42
20-Jun-20,PY,51,0,13
20-Jun-20,RJ,381,4,277
20-Jun-20,SK,0,0,0
20-Jun-20,TG,546,5,154
20-Jun-20,TN,2396,38,1045
20-Jun-20,TR,8,0,23
20-Jun-20,TT,15918,308,13974
20-Jun-20,UN,338,0,0
20-Jun-20,UP,541,22,374
20-Jun-20,UT,124,1,17
20-Jun-20,WB,441,11,562
20-Mar-20,AN,0,0,0
20-Mar-20,AP,0,0,0
20-Mar-20,AR,0,0,0
20-Mar-20,AS,0,0,0
20-Mar-20,BR,0,0,0
20-Mar-20,CH,4,0,0
20-Mar-20,CT,0,0,0
20-Mar-20,DD,0,0,0
20-Mar-20,DL,6,0,2
20-Mar-20,DN,0,0,0
20-Mar-20,GA,0,0,0
20-Mar-20,GJ,5,0,0
20-Mar-20,HP,2,0,0
20-Mar-20,HR,2,0,0
20-Mar-20,JH,0,0,0
20-Mar-20,JK,0,0,0
20-Mar-20,KA,0,0,1
20-Mar-20,KL,12,0,0
20-Mar-20,LA,2,0,0
20-Mar-20,LD,0,0,0
20-Mar-20,MH,4,0,0
20-Mar-20,ML,0,0,0
20-Mar-20,MN,0,0,0
20-Mar-20,MP,4,0,0
20-Mar-20,MZ,0,0,0
20-Mar-20,NL,0,0,0
20-Mar-20,OR,0,0,0
20-Mar-20,PB,1,0,0
20-Mar-20,PY,0,0,0
20-Mar-20,RJ,8,0,0
20-Mar-20,SK,0,0,0
20-Mar-20,TG,3,0,0
20-Mar-20,TN,0,0,0
20-Mar-20,TR,0,0,0
20-Mar-20,TT,58,0,3
20-Mar-20,UN,0,0,0
20-Mar-20,UP,4,0,0
20-Mar-20,UT,0,0,0
20-Mar-20,WB,1,0,0
20-May-20,AN,0,0,0
20-May-20,AP,71,1,43
20-May-20,AR,0,0,0
20-May-20,AS,31,0,7
20-May-20,BR,257,0,54
20-May-20,CH,3,0,79
20-May-20,CT,14,0,0
20-May-20,DD,0,0,0
20-May-20,DL,534,10,442
20-May-20,DN,0,0,0
20-May-20,GA,4,0,0
20-May-20,GJ,398,30,176
20-May-20,HP,18,0,3
20-May-20,HR,29,0,21
20-May-20,JH,42,0,2
20-May-20,JK,73,1,31
20-May-20,KA,67,1,13
20-May-20,KL,24,0,5
20-May-20,LA,1,0,0
20-May-20,LD,0,0,0
20-May-20,MH,2161,65,679
20-May-20,ML,1,0,0
20-May-20,MN,16,0,0
20-May-20,MP,270,9,103
20-May-20,MZ,0,0,0
20-May-20,NL,0,0,0
20-May-20,OR,74,1,36
20-May-20,PB,3,0,152
20-May-20,PY,1,0,0
20-May-20,RJ,170,4,67
20-May-20,SK,0,0,0
20-May-20,TG,27,2,2
20-May-20,TN,743,3,987
20-May-20,TR,0,0,0
20-May-20,TT,5720,134,3113
20-May-20,UN,282,0,0
20-May-20,UP,249,4,148
20-May-20,UT,15,0,1
20-May-20,WB,142,3,62
21-Apr-20,AN,1,0,0
21-Apr-20,AP,35,2,4
21-Apr-20,AR,0,0,0
21-Apr-20,AS,0,0,0
21-Apr-20,BR,13,0,0
21-Apr-20,CH,1,0,0
21-Apr-20,CT,0,0,0
21-Apr-20,DD,0,0,0
21-Apr-20,DL,75,0,180
21-Apr-20,DN,0,0,0
21-Apr-20,GA,0,0,0
21-Apr-20,GJ,239,19,8
21-Apr-20,HP,0,0,0
21-Apr-20,HR,4,0,6
21-Apr-20,JH,0,0,0
21-Apr-20,JK,12,0,10
21-Apr-20,KA,10,1,17
21-Apr-20,KL,19,0,16
21-Apr-20,LA,0,0,0
21-Apr-20,LD,0,0,0
21-Apr-20,MH,552,19,150
21-Apr-20,ML,1,0,0
21-Apr-20,MN,0,0,0
21-Apr-20,MP,67,4,10
21-Apr-20,MZ,0,0,0
21-Apr-20,NL,0,0,0
21-Apr-20,OR,5,0,6
21-Apr-20,PB,6,0,11
21-Apr-20,PY,0,0,0
21-Apr-20,RJ,159,1,69
21-Apr-20,SK,0,0,0
21-Apr-20,TG,56,0,8
21-Apr-20,TN,76,1,178
21-Apr-20,TR,0,0,0
21-Apr-20,TT,1537,53,703
21-Apr-20,UN,0,0,0
21-Apr-20,UP,153,3,22
21-Apr-20,UT,0,0,1
21-Apr-20,WB,53,3,7
21-Jun-20,AN,1,0,2
21-Jun-20,AP,477,5,196
21-Jun-20,AR,4,0,6
21-Jun-20,AS,332,0,202
21-Jun-20,BR,162,2,264
21-Jun-20,CH,2,0,0
21-Jun-20,CT,121,0,53
21-Jun-20,DD,0,0,0
21-Jun-20,DL,3000,63,1719
21-Jun-20,DN,5,0,1
21-Jun-20,GA,64,0,6
21-Jun-20,GJ,580,25,655
21-Jun-20,HP,17,0,12
21-Jun-20,HR,412,11,429
21-Jun-20,JH,74,0,2
21-Jun-20,JK,122,1,46
21-Jun-20,KA,453,5,226
21-Jun-20,KL,133,0,93
21-Jun-20,LA,1,0,17
21-Jun-20,LD,0,0,0
21-Jun-20,MH,3870,186,1591
21-Jun-20,ML,0,0,5
21-Jun-20,MN,64,0,18
21-Jun-20,MP,179,14,135
21-Jun-20,MZ,1,0,0
21-Jun-20,NL,10,0,3
21-Jun-20,OR,304,4,186
21-Jun-20,PB,122,1,22
21-Jun-20,PY,28,1,9
21-Jun-20,RJ,393,12,323
21-Jun-20,SK,8,0,4
21-Jun-20,TG,730,7,225
21-Jun-20,TN,2532,53,1438
21-Jun-20,TR,35,0,79
21-Jun-20,TT,15151,426,9075
21-Jun-20,UN,-138,0,0
21-Jun-20,UP,596,21,626
21-Jun-20,UT,43,0,50
21-Jun-20,WB,414,15,432
21-Mar-20,AN,0,0,0
21-Mar-20,AP,2,0,0
21-Mar-20,AR,0,0,0
21-Mar-20,AS,0,0,0
21-Mar-20,BR,0,0,0
21-Mar-20,CH,0,0,0
21-Mar-20,CT,0,0,0
21-Mar-20,DD,0,0,0
21-Mar-20,DL,7,0,0
21-Mar-20,DN,0,0,0
21-Mar-20,GA,0,0,0
21-Mar-20,GJ,7,0,0
21-Mar-20,HP,0,0,0
21-Mar-20,HR,2,0,0
21-Mar-20,JH,0,0,0
21-Mar-20,JK,0,0,0
21-Mar-20,KA,5,0,0
21-Mar-20,KL,12,0,0
21-Mar-20,LA,3,0,0
21-Mar-20,LD,0,0,0
21-Mar-20,MH,12,0,0
21-Mar-20,ML,0,0,0
21-Mar-20,MN,0,0,0
21-Mar-20,MP,0,0,0
21-Mar-20,MZ,0,0,0
21-Mar-20,NL,0,0,0
21-Mar-20,OR,0,0,0
21-Mar-20,PB,10,0,0
21-Mar-20,PY,0,0,0
21-Mar-20,RJ,7,0,0
21-Mar-20,SK,0,0,0
21-Mar-20,TG,2,0,0
21-Mar-20,TN,3,0,0
21-Mar-20,TR,0,0,0
21-Mar-20,TT,78,0,0
21-Mar-20,UN,0,0,0
21-Mar-20,UP,4,0,0
21-Mar-20,UT,0,0,0
21-Mar-20,WB,2,0,0
21-May-20,AN,0,0,0
21-May-20,AP,45,1,41
21-May-20,AR,0,0,0
21-May-20,AS,22,0,6
21-May-20,BR,211,0,0
21-May-20,CH,16,0,42
21-May-20,CT,14,0,0
21-May-20,DD,0,0,0
21-May-20,DL,571,18,375
21-May-20,DN,0,0,0
21-May-20,GA,2,0,0
21-May-20,GJ,371,24,269
21-May-20,HP,42,0,5
21-May-20,HR,37,0,33
21-May-20,JH,13,0,7
21-May-20,JK,59,2,6
21-May-20,KA,143,0,15
21-May-20,KL,24,0,8
21-May-20,LA,0,0,0
21-May-20,LD,0,0,0
21-May-20,MH,2345,64,1408
21-May-20,ML,0,0,0
21-May-20,MN,0,0,0
21-May-20,MP,246,4,110
21-May-20,MZ,0,0,0
21-May-20,NL,0,0,0
21-May-20,OR,51,1,50
21-May-20,PB,23,1,25
21-May-20,PY,0,0,0
21-May-20,RJ,212,4,81
21-May-20,SK,0,0,0
21-May-20,TG,38,5,23
21-May-20,TN,776,7,400
21-May-20,TR,2,0,32
21-May-20,TT,6023,148,3131
21-May-20,UN,307,0,0
21-May-20,UP,340,11,138
21-May-20,UT,19,0,0
21-May-20,WB,94,6,57
22-Apr-20,AN,1,0,0
22-Apr-20,AP,56,2,24
22-Apr-20,AR,0,0,0
22-Apr-20,AS,0,0,0
22-Apr-20,BR,17,0,0
22-Apr-20,CH,0,0,0
22-Apr-20,CT,0,0,3
22-Apr-20,DD,0,0,0
22-Apr-20,DL,92,1,113
22-Apr-20,DN,0,0,0
22-Apr-20,GA,0,0,0
22-Apr-20,GJ,229,13,40
22-Apr-20,HP,0,0,0
22-Apr-20,HR,9,0,11
22-Apr-20,JH,0,0,0
22-Apr-20,JK,27,0,11
22-Apr-20,KA,9,0,2
22-Apr-20,KL,11,0,1
22-Apr-20,LA,0,0,0
22-Apr-20,LD,0,0,0
22-Apr-20,MH,431,18,67
22-Apr-20,ML,0,0,0
22-Apr-20,MN,0,0,0
22-Apr-20,MP,35,0,4
22-Apr-20,MZ,0,0,0
22-Apr-20,NL,0,0,0
22-Apr-20,OR,4,0,2
22-Apr-20,PB,27,0,4
22-Apr-20,PY,0,0,0
22-Apr-20,RJ,153,1,70
22-Apr-20,SK,0,0,0
22-Apr-20,TG,15,1,0
22-Apr-20,TN,33,0,27
22-Apr-20,TR,0,0,0
22-Apr-20,TT,1292,36,394
22-Apr-20,UN,0,0,0
22-Apr-20,UP,112,0,11
22-Apr-20,UT,0,0,4
22-Apr-20,WB,31,0,0
22-Jun-20,AN,0,0,0
22-Jun-20,AP,443,5,128
22-Jun-20,AR,9,0,1
22-Jun-20,AS,267,0,161
22-Jun-20,BR,228,1,136
22-Jun-20,CH,5,0,6
22-Jun-20,CT,47,1,66
22-Jun-20,DD,0,0,0
22-Jun-20,DL,2909,58,3589
22-Jun-20,DN,15,0,0
22-Jun-20,GA,46,1,17
22-Jun-20,GJ,563,21,560
22-Jun-20,HP,54,0,12
22-Jun-20,HR,390,9,359
22-Jun-20,JH,42,0,63
22-Jun-20,JK,132,3,149
22-Jun-20,KA,249,5,111
22-Jun-20,KL,138,0,88
22-Jun-20,LA,10,0,2
22-Jun-20,LD,0,0,0
22-Jun-20,MH,3721,113,1962
22-Jun-20,ML,2,0,0
22-Jun-20,MN,57,0,0
22-Jun-20,MP,175,6,200
22-Jun-20,MZ,1,0,3
22-Jun-20,NL,69,0,0
22-Jun-20,OR,143,2,143
22-Jun-20,PB,161,2,125
22-Jun-20,PY,17,0,9
22-Jun-20,RJ,302,7,313
22-Jun-20,SK,0,0,4
22-Jun-20,TG,872,7,274
22-Jun-20,TN,2710,37,1358
22-Jun-20,TR,16,0,23
22-Jun-20,TT,13560,312,10879
22-Jun-20,UN,-1295,0,0
22-Jun-20,UP,591,19,606
22-Jun-20,UT,58,1,21
22-Jun-20,WB,413,14,390
22-Mar-20,AN,0,0,0
22-Mar-20,AP,1,0,0
22-Mar-20,AR,0,0,0
22-Mar-20,AS,0,0,0
22-Mar-20,BR,2,1,0
22-Mar-20,CH,1,0,0
22-Mar-20,CT,0,0,0
22-Mar-20,DD,0,0,0
22-Mar-20,DL,0,0,0
22-Mar-20,DN,0,0,0
22-Mar-20,GA,0,0,0
22-Mar-20,GJ,4,1,0
22-Mar-20,HP,0,0,0
22-Mar-20,HR,0,0,0
22-Mar-20,JH,0,0,0
22-Mar-20,JK,0,0,0
22-Mar-20,KA,6,0,0
22-Mar-20,KL,15,0,0
22-Mar-20,LA,0,0,0
22-Mar-20,LD,0,0,0
22-Mar-20,MH,10,1,0
22-Mar-20,ML,0,0,0
22-Mar-20,MN,0,0,0
22-Mar-20,MP,2,0,0
22-Mar-20,MZ,0,0,0
22-Mar-20,NL,0,0,0
22-Mar-20,OR,0,0,0
22-Mar-20,PB,8,0,0
22-Mar-20,PY,0,0,0
22-Mar-20,RJ,4,0,0
22-Mar-20,SK,0,0,0
22-Mar-20,TG,6,0,0
22-Mar-20,TN,3,0,0
22-Mar-20,TR,0,0,0
22-Mar-20,TT,67,3,0
22-Mar-20,UN,0,0,0
22-Mar-20,UP,2,0,0
22-Mar-20,UT,0,0,0
22-Mar-20,WB,3,0,0
22-May-20,AN,0,0,0
22-May-20,AP,62,1,26
22-May-20,AR,0,0,0
22-May-20,AS,15,0,0
22-May-20,BR,179,2,58
22-May-20,CH,1,0,0
22-May-20,CT,44,0,3
22-May-20,DD,0,0,0
22-May-20,DL,660,14,330
22-May-20,DN,0,0,0
22-May-20,GA,2,0,9
22-May-20,GJ,363,29,392
22-May-20,HP,16,0,0
22-May-20,HR,37,2,25
22-May-20,JH,20,0,0
22-May-20,JK,40,0,36
22-May-20,KA,138,0,26
22-May-20,KL,42,1,2
22-May-20,LA,2,0,0
22-May-20,LD,0,0,0
22-May-20,MH,2940,63,857
22-May-20,ML,0,0,0
22-May-20,MN,1,0,0
22-May-20,MP,189,1,245
22-May-20,MZ,0,0,0
22-May-20,NL,0,0,0
22-May-20,OR,86,0,43
22-May-20,PB,1,0,28
22-May-20,PY,3,0,0
22-May-20,RJ,267,2,195
22-May-20,SK,0,0,0
22-May-20,TG,62,3,7
22-May-20,TN,786,4,846
22-May-20,TR,0,0,4
22-May-20,TT,6536,142,3280
22-May-20,UN,217,0,0
22-May-20,UP,220,14,120
22-May-20,UT,8,0,0
22-May-20,WB,135,6,28
23-Apr-20,AN,4,0,0
23-Apr-20,AP,80,3,21
23-Apr-20,AR,0,0,0
23-Apr-20,AS,1,0,0
23-Apr-20,BR,27,0,2
23-Apr-20,CH,0,0,0
23-Apr-20,CT,0,0,2
23-Apr-20,DD,0,0,0
23-Apr-20,DL,128,2,84
23-Apr-20,DN,0,0,0
23-Apr-20,GA,0,0,0
23-Apr-20,GJ,217,9,79
23-Apr-20,HP,1,0,2
23-Apr-20,HR,6,0,12
23-Apr-20,JH,7,1,4
23-Apr-20,JK,27,0,0
23-Apr-20,KA,18,0,14
23-Apr-20,KL,10,0,8
23-Apr-20,LA,0,0,2
23-Apr-20,LD,0,0,0
23-Apr-20,MH,778,14,51
23-Apr-20,ML,0,0,0
23-Apr-20,MN,0,0,0
23-Apr-20,MP,100,3,51
23-Apr-20,MZ,0,0,0
23-Apr-20,NL,0,0,0
23-Apr-20,OR,6,0,1
23-Apr-20,PB,5,1,13
23-Apr-20,PY,0,0,0
23-Apr-20,RJ,76,1,107
23-Apr-20,SK,0,0,0
23-Apr-20,TG,27,1,58
23-Apr-20,TN,54,2,90
23-Apr-20,TR,0,0,1
23-Apr-20,TT,1667,40,642
23-Apr-20,UN,0,0,0
23-Apr-20,UP,61,3,33
23-Apr-20,UT,1,0,1
23-Apr-20,WB,33,0,6
23-Jun-20,AN,2,0,3
23-Jun-20,AP,462,8,157
23-Jun-20,AR,10,0,16
23-Jun-20,AS,203,0,197
23-Jun-20,BR,157,2,260
23-Jun-20,CH,7,0,0
23-Jun-20,CT,83,0,40
23-Jun-20,DD,0,0,0
23-Jun-20,DL,3947,68,2711
23-Jun-20,DN,9,0,0
23-Jun-20,GA,45,1,53
23-Jun-20,GJ,549,26,604
23-Jun-20,HP,48,0,3
23-Jun-20,HR,495,9,582
23-Jun-20,JH,53,0,51
23-Jun-20,JK,148,2,111
23-Jun-20,KA,322,8,274
23-Jun-20,KL,141,1,60
23-Jun-20,LA,85,0,12
23-Jun-20,LD,0,0,0
23-Jun-20,MH,3214,248,1925
23-Jun-20,ML,1,0,4
23-Jun-20,MN,23,0,8
23-Jun-20,MP,183,4,120
23-Jun-20,MZ,0,0,7
23-Jun-20,NL,50,0,0
23-Jun-20,OR,167,3,125
23-Jun-20,PB,162,4,222
23-Jun-20,PY,19,1,16
23-Jun-20,RJ,395,9,303
23-Jun-20,SK,1,0,0
23-Jun-20,TG,879,3,219
23-Jun-20,TN,2516,39,1227
23-Jun-20,TR,23,0,25
23-Jun-20,TT,15656,468,10462
23-Jun-20,UN,183,0,0
23-Jun-20,UP,571,19,515
23-Jun-20,UT,133,2,81
23-Jun-20,WB,370,11,531
23-Mar-20,AN,0,0,0
23-Mar-20,AP,1,0,0
23-Mar-20,AR,0,0,0
23-Mar-20,AS,0,0,0
23-Mar-20,BR,1,0,0
23-Mar-20,CH,1,0,0
23-Mar-20,CT,0,0,0
23-Mar-20,DD,0,0,0
23-Mar-20,DL,3,0,0
23-Mar-20,DN,0,0,0
23-Mar-20,GA,0,0,0
23-Mar-20,GJ,12,0,0
23-Mar-20,HP,1,1,0
23-Mar-20,HR,7,0,11
23-Mar-20,JH,0,0,0
23-Mar-20,JK,0,0,0
23-Mar-20,KA,7,0,1
23-Mar-20,KL,28,0,0
23-Mar-20,LA,0,0,0
23-Mar-20,LD,0,0,0
23-Mar-20,MH,23,0,0
23-Mar-20,ML,0,0,0
23-Mar-20,MN,0,0,0
23-Mar-20,MP,0,0,0
23-Mar-20,MZ,0,0,0
23-Mar-20,NL,0,0,0
23-Mar-20,OR,0,0,0
23-Mar-20,PB,2,0,0
23-Mar-20,PY,0,0,0
23-Mar-20,RJ,4,0,0
23-Mar-20,SK,0,0,0
23-Mar-20,TG,6,0,0
23-Mar-20,TN,3,0,0
23-Mar-20,TR,0,0,0
23-Mar-20,TT,102,2,12
23-Mar-20,UN,0,0,0
23-Mar-20,UP,2,0,0
23-Mar-20,UT,1,0,0
23-Mar-20,WB,0,1,0
23-May-20,AN,0,0,0
23-May-20,AP,47,1,48
23-May-20,AR,0,0,0
23-May-20,AS,121,0,2
23-May-20,BR,228,0,24
23-May-20,CH,6,0,1
23-May-20,CT,42,0,2
23-May-20,DD,0,0,0
23-May-20,DL,591,23,370
23-May-20,DN,1,0,0
23-May-20,GA,1,0,0
23-May-20,GJ,396,27,289
23-May-20,HP,17,0,2
23-May-20,HR,64,0,44
23-May-20,JH,27,0,5
23-May-20,JK,80,1,54
23-May-20,KA,216,1,11
23-May-20,KL,62,0,3
23-May-20,LA,3,0,0
23-May-20,LD,0,0,0
23-May-20,MH,2608,60,821
23-May-20,ML,0,0,0
23-May-20,MN,3,0,0
23-May-20,MP,201,9,178
23-May-20,MZ,0,0,0
23-May-20,NL,0,0,0
23-May-20,OR,80,0,61
23-May-20,PB,16,0,23
23-May-20,PY,0,0,0
23-May-20,RJ,248,7,106
23-May-20,SK,1,0,0
23-May-20,TG,52,1,25
23-May-20,TN,759,5,363
23-May-20,TR,16,0,0
23-May-20,TT,6663,142,2576
23-May-20,UN,279,0,0
23-May-20,UP,282,3,82
23-May-20,UT,91,0,2
23-May-20,WB,127,4,60
24-Apr-20,AN,7,0,0
24-Apr-20,AP,62,2,4
24-Apr-20,AR,0,0,0
24-Apr-20,AS,0,0,0
24-Apr-20,BR,53,0,0
24-Apr-20,CH,0,0,1
24-Apr-20,CT,0,0,0
24-Apr-20,DD,0,0,0
24-Apr-20,DL,138,3,49
24-Apr-20,DN,0,0,0
24-Apr-20,GA,0,0,0
24-Apr-20,GJ,191,15,7
24-Apr-20,HP,0,0,0
24-Apr-20,HR,5,0,16
24-Apr-20,JH,6,0,0
24-Apr-20,JK,20,0,17
24-Apr-20,KA,29,1,7
24-Apr-20,KL,3,1,15
24-Apr-20,LA,0,0,0
24-Apr-20,LD,0,0,0
24-Apr-20,MH,390,18,117
24-Apr-20,ML,0,0,0
24-Apr-20,MN,0,0,0
24-Apr-20,MP,159,9,7
24-Apr-20,MZ,0,0,0
24-Apr-20,NL,0,0,0
24-Apr-20,OR,5,0,0
24-Apr-20,PB,15,0,4
24-Apr-20,PY,0,0,0
24-Apr-20,RJ,70,4,42
24-Apr-20,SK,0,0,0
24-Apr-20,TG,13,0,39
24-Apr-20,TN,72,2,114
24-Apr-20,TR,0,0,0
24-Apr-20,TT,1408,59,484
24-Apr-20,UN,0,0,0
24-Apr-20,UP,111,1,20
24-Apr-20,UT,1,0,1
24-Apr-20,WB,58,3,24
24-Jun-20,AN,6,0,1
24-Jun-20,AP,497,10,187
24-Jun-20,AR,2,1,0
24-Jun-20,AS,226,0,196
24-Jun-20,BR,223,1,79
24-Jun-20,CH,2,0,0
24-Jun-20,CT,34,0,74
24-Jun-20,DD,0,0,0
24-Jun-20,DL,3788,64,2124
24-Jun-20,DN,13,0,3
24-Jun-20,GA,42,0,84
24-Jun-20,GJ,572,25,575
24-Jun-20,HP,31,0,34
24-Jun-20,HR,490,10,427
24-Jun-20,JH,26,1,55
24-Jun-20,JK,186,1,176
24-Jun-20,KA,397,14,149
24-Jun-20,KL,152,0,81
24-Jun-20,LA,0,0,126
24-Jun-20,LD,0,0,0
24-Jun-20,MH,3889,208,4161
24-Jun-20,ML,0,0,0
24-Jun-20,MN,49,0,70
24-Jun-20,MP,187,9,138
24-Jun-20,MZ,3,0,5
24-Jun-20,NL,17,0,7
24-Jun-20,OR,282,0,135
24-Jun-20,PB,230,8,52
24-Jun-20,PY,59,0,11
24-Jun-20,RJ,382,10,398
24-Jun-20,SK,4,0,10
24-Jun-20,TG,891,5,137
24-Jun-20,TN,2865,33,2424
24-Jun-20,TR,0,0,97
24-Jun-20,TT,16868,424,13089
24-Jun-20,UN,126,0,0
24-Jun-20,UP,664,8,470
24-Jun-20,UT,88,5,119
24-Jun-20,WB,445,11,484
24-Mar-20,AN,0,0,0
24-Mar-20,AP,1,0,0
24-Mar-20,AR,0,0,0
24-Mar-20,AS,0,0,0
24-Mar-20,BR,0,0,0
24-Mar-20,CH,0,0,0
24-Mar-20,CT,0,0,0
24-Mar-20,DD,0,0,0
24-Mar-20,DL,0,0,1
24-Mar-20,DN,0,0,0
24-Mar-20,GA,0,0,0
24-Mar-20,GJ,4,0,0
24-Mar-20,HP,0,0,0
24-Mar-20,HR,2,0,0
24-Mar-20,JH,0,0,0
24-Mar-20,JK,2,0,0
24-Mar-20,KA,8,0,1
24-Mar-20,KL,14,0,1
24-Mar-20,LA,0,0,0
24-Mar-20,LD,0,0,0
24-Mar-20,MH,10,0,0
24-Mar-20,ML,0,0,0
24-Mar-20,MN,1,0,0
24-Mar-20,MP,1,0,0
24-Mar-20,MZ,0,0,0
24-Mar-20,NL,0,0,0
24-Mar-20,OR,0,0,0
24-Mar-20,PB,6,0,0
24-Mar-20,PY,0,0,0
24-Mar-20,RJ,0,0,0
24-Mar-20,SK,0,0,0
24-Mar-20,TG,4,0,0
24-Mar-20,TN,6,1,0
24-Mar-20,TR,0,0,0
24-Mar-20,TT,64,1,5
24-Mar-20,UN,0,0,0
24-Mar-20,UP,3,0,2
24-Mar-20,UT,0,0,0
24-Mar-20,WB,2,0,0
24-May-20,AN,0,0,0
24-May-20,AP,66,0,62
24-May-20,AR,1,0,0
24-May-20,AS,46,0,1
24-May-20,BR,180,0,49
24-May-20,CH,37,1,0
24-May-20,CT,38,0,0
24-May-20,DD,0,0,0
24-May-20,DL,508,30,273
24-May-20,DN,0,0,0
24-May-20,GA,11,0,0
24-May-20,GJ,394,29,243
24-May-20,HP,18,0,2
24-May-20,HR,53,0,15
24-May-20,JH,20,1,7
24-May-20,JK,52,0,35
24-May-20,KA,130,0,46
24-May-20,KL,53,1,5
24-May-20,LA,3,0,0
24-May-20,LD,0,0,0
24-May-20,MH,3041,58,1196
24-May-20,ML,0,0,0
24-May-20,MN,3,0,2
24-May-20,MP,294,9,141
24-May-20,MZ,0,0,0
24-May-20,NL,0,0,0
24-May-20,OR,67,0,53
24-May-20,PB,15,1,28
24-May-20,PY,15,0,2
24-May-20,RJ,286,3,62
24-May-20,SK,0,0,0
24-May-20,TG,41,4,24
24-May-20,TN,765,8,833
24-May-20,TR,3,0,13
24-May-20,TT,7111,156,3285
24-May-20,UN,439,0,0
24-May-20,UP,251,6,132
24-May-20,UT,73,2,3
24-May-20,WB,208,3,58
25-Apr-20,AN,4,0,0
25-Apr-20,AP,61,2,26
25-Apr-20,AR,0,0,0
25-Apr-20,AS,0,0,0
25-Apr-20,BR,28,0,1
25-Apr-20,CH,1,0,0
25-Apr-20,CT,1,0,2
25-Apr-20,DD,0,0,0
25-Apr-20,DL,111,1,12
25-Apr-20,DN,0,0,0
25-Apr-20,GA,0,0,0
25-Apr-20,GJ,256,6,17
25-Apr-20,HP,0,0,4
25-Apr-20,HR,12,0,5
25-Apr-20,JH,8,0,0
25-Apr-20,JK,40,1,3
25-Apr-20,KA,26,0,6
25-Apr-20,KL,7,0,7
25-Apr-20,LA,2,0,0
25-Apr-20,LD,0,0,0
25-Apr-20,MH,811,22,119
25-Apr-20,ML,0,0,0
25-Apr-20,MN,0,0,0
25-Apr-20,MP,99,7,71
25-Apr-20,MZ,0,0,0
25-Apr-20,NL,0,0,0
25-Apr-20,OR,6,0,1
25-Apr-20,PB,10,0,2
25-Apr-20,PY,1,0,0
25-Apr-20,RJ,49,2,20
25-Apr-20,SK,0,0,0
25-Apr-20,TG,7,0,16
25-Apr-20,TN,66,1,94
25-Apr-20,TR,0,0,0
25-Apr-20,TT,1835,44,442
25-Apr-20,UN,0,0,0
25-Apr-20,UP,172,2,35
25-Apr-20,UT,0,0,1
25-Apr-20,WB,57,0,0
25-Jun-20,AN,2,0,0
25-Jun-20,AP,553,7,209
25-Jun-20,AR,12,0,4
25-Jun-20,AS,364,0,75
25-Jun-20,BR,215,1,374
25-Jun-20,CH,3,0,7
25-Jun-20,CT,37,0,128
25-Jun-20,DD,0,0,0
25-Jun-20,DL,3390,64,3328
25-Jun-20,DN,20,0,8
25-Jun-20,GA,44,0,46
25-Jun-20,GJ,577,18,410
25-Jun-20,HP,33,1,8
25-Jun-20,HR,453,10,455
25-Jun-20,JH,44,0,30
25-Jun-20,JK,127,2,149
25-Jun-20,KA,442,6,519
25-Jun-20,KL,123,0,53
25-Jun-20,LA,9,0,84
25-Jun-20,LD,0,0,0
25-Jun-20,MH,4842,192,3661
25-Jun-20,ML,0,0,1
25-Jun-20,MN,86,0,26
25-Jun-20,MP,147,8,146
25-Jun-20,MZ,0,0,6
25-Jun-20,NL,8,0,12
25-Jun-20,OR,210,0,168
25-Jun-20,PB,142,7,93
25-Jun-20,PY,41,0,11
25-Jun-20,RJ,287,4,229
25-Jun-20,SK,2,0,0
25-Jun-20,TG,920,5,327
25-Jun-20,TN,3509,45,2236
25-Jun-20,TR,32,0,122
25-Jun-20,TT,18205,401,13983
25-Jun-20,UN,352,0,0
25-Jun-20,UP,636,15,533
25-Jun-20,UT,68,1,37
25-Jun-20,WB,475,15,488
25-Mar-20,AN,0,0,0
25-Mar-20,AP,2,0,1
25-Mar-20,AR,0,0,0
25-Mar-20,AS,0,0,0
25-Mar-20,BR,1,0,0
25-Mar-20,CH,0,0,0
25-Mar-20,CT,2,0,0
25-Mar-20,DD,0,0,0
25-Mar-20,DL,5,0,0
25-Mar-20,DN,0,0,0
25-Mar-20,GA,3,0,0
25-Mar-20,GJ,4,0,0
25-Mar-20,HP,0,0,0
25-Mar-20,HR,1,0,0
25-Mar-20,JH,0,0,0
25-Mar-20,JK,5,0,1
25-Mar-20,KA,10,0,0
25-Mar-20,KL,9,0,0
25-Mar-20,LA,0,0,0
25-Mar-20,LD,0,0,0
25-Mar-20,MH,15,0,1
25-Mar-20,ML,0,0,0
25-Mar-20,MN,0,0,0
25-Mar-20,MP,8,1,0
25-Mar-20,MZ,1,0,0
25-Mar-20,NL,0,0,0
25-Mar-20,OR,0,0,0
25-Mar-20,PB,2,0,0
25-Mar-20,PY,0,0,0
25-Mar-20,RJ,6,0,0
25-Mar-20,SK,0,0,0
25-Mar-20,TG,4,0,0
25-Mar-20,TN,8,0,0
25-Mar-20,TR,0,0,0
25-Mar-20,TT,90,1,3
25-Mar-20,UN,0,0,0
25-Mar-20,UP,3,0,0
25-Mar-20,UT,1,0,0
25-Mar-20,WB,0,0,0
25-May-20,AN,0,0,0
25-May-20,AP,106,0,51
25-May-20,AR,0,0,0
25-May-20,AS,156,0,5
25-May-20,BR,163,2,31
25-May-20,CH,4,0,8
25-May-20,CT,40,0,3
25-May-20,DD,0,0,0
25-May-20,DL,635,15,231
25-May-20,DN,0,0,0
25-May-20,GA,1,0,3
25-May-20,GJ,405,30,224
25-May-20,HP,20,0,4
25-May-20,HR,29,0,37
25-May-20,JH,35,0,0
25-May-20,JK,47,2,0
25-May-20,KA,93,2,51
25-May-20,KL,49,0,12
25-May-20,LA,1,0,0
25-May-20,LD,0,0,0
25-May-20,MH,2436,60,1186
25-May-20,ML,1,0,0
25-May-20,MN,4,0,0
25-May-20,MP,194,10,163
25-May-20,MZ,0,0,0
25-May-20,NL,3,0,0
25-May-20,OR,102,0,99
25-May-20,PB,21,0,15
25-May-20,PY,8,0,5
25-May-20,RJ,272,4,208
25-May-20,SK,0,0,0
25-May-20,TG,66,3,72
25-May-20,TN,805,7,407
25-May-20,TR,4,0,0
25-May-20,TT,6414,150,3012
25-May-20,UN,304,0,0
25-May-20,UP,229,8,122
25-May-20,UT,32,1,0
25-May-20,WB,149,6,75
26-Apr-20,AN,0,0,0
26-Apr-20,AP,81,0,60
26-Apr-20,AR,0,0,0
26-Apr-20,AS,0,0,8
26-Apr-20,BR,26,0,11
26-Apr-20,CH,8,0,2
26-Apr-20,CT,0,0,0
26-Apr-20,DD,0,0,0
26-Apr-20,DL,293,0,8
26-Apr-20,DN,0,0,0
26-Apr-20,GA,0,0,0
26-Apr-20,GJ,230,18,31
26-Apr-20,HP,0,0,0
26-Apr-20,HR,9,0,8
26-Apr-20,JH,15,0,5
26-Apr-20,JK,29,0,25
26-Apr-20,KA,3,1,24
26-Apr-20,KL,11,0,4
26-Apr-20,LA,0,0,0
26-Apr-20,LD,0,0,0
26-Apr-20,MH,440,19,112
26-Apr-20,ML,0,0,0
26-Apr-20,MN,0,0,0
26-Apr-20,MP,145,4,21
26-Apr-20,MZ,0,0,0
26-Apr-20,NL,0,0,0
26-Apr-20,OR,3,0,1
26-Apr-20,PB,14,1,12
26-Apr-20,PY,0,0,0
26-Apr-20,RJ,102,7,116
26-Apr-20,SK,0,0,0
26-Apr-20,TG,11,0,9
26-Apr-20,TN,64,1,60
26-Apr-20,TR,0,0,0
26-Apr-20,TT,1607,56,585
26-Apr-20,UN,0,0,0
26-Apr-20,UP,80,3,66
26-Apr-20,UT,3,0,0
26-Apr-20,WB,40,2,2
26-Jun-20,AN,14,0,2
26-Jun-20,AP,605,10,208
26-Jun-20,AR,2,0,7
26-Jun-20,AS,273,0,214
26-Jun-20,BR,190,0,189
26-Jun-20,CH,2,0,6
26-Jun-20,CT,89,1,156
26-Jun-20,DD,0,0,0
26-Jun-20,DL,3460,63,2326
26-Jun-20,DN,15,0,12
26-Jun-20,GA,44,0,35
26-Jun-20,GJ,580,18,532
26-Jun-20,HP,25,0,20
26-Jun-20,HR,421,13,636
26-Jun-20,JH,31,0,42
26-Jun-20,JK,213,1,113
26-Jun-20,KA,445,10,246
26-Jun-20,KL,150,0,65
26-Jun-20,LA,5,0,109
26-Jun-20,LD,0,0,0
26-Jun-20,MH,5024,175,2362
26-Jun-20,ML,2,0,0
26-Jun-20,MN,19,0,39
26-Jun-20,MP,203,4,185
26-Jun-20,MZ,2,0,17
26-Jun-20,NL,16,0,2
26-Jun-20,OR,218,0,131
26-Jun-20,PB,188,2,9
26-Jun-20,PY,32,0,16
26-Jun-20,RJ,364,1,222
26-Jun-20,SK,2,0,0
26-Jun-20,TG,985,7,78
26-Jun-20,TN,3645,46,1358
26-Jun-20,TR,35,0,36
26-Jun-20,TT,18255,381,10246
26-Jun-20,UN,-370,0,0
26-Jun-20,UP,750,19,464
26-Jun-20,UT,34,1,64
26-Jun-20,WB,542,10,345
26-Mar-20,AN,1,0,0
26-Mar-20,AP,1,0,0
26-Mar-20,AR,0,0,0
26-Mar-20,AS,0,0,0
26-Mar-20,BR,3,0,0
26-Mar-20,CH,0,0,0
26-Mar-20,CT,3,0,0
26-Mar-20,DD,0,0,0
26-Mar-20,DL,1,0,0
26-Mar-20,DN,0,0,0
26-Mar-20,GA,0,0,0
26-Mar-20,GJ,5,2,0
26-Mar-20,HP,0,0,0
26-Mar-20,HR,1,0,0
26-Mar-20,JH,0,0,0
26-Mar-20,JK,3,1,0
26-Mar-20,KA,4,1,0
26-Mar-20,KL,19,0,7
26-Mar-20,LA,0,0,0
26-Mar-20,LD,0,0,0
26-Mar-20,MH,3,1,0
26-Mar-20,ML,0,0,0
26-Mar-20,MN,0,0,0
26-Mar-20,MP,5,0,0
26-Mar-20,MZ,0,0,0
26-Mar-20,NL,0,0,0
26-Mar-20,OR,1,0,0
26-Mar-20,PB,2,0,0
26-Mar-20,PY,0,0,0
26-Mar-20,RJ,2,0,0
26-Mar-20,SK,0,0,0
26-Mar-20,TG,3,0,0
26-Mar-20,TN,3,0,0
26-Mar-20,TR,0,0,0
26-Mar-20,TT,65,5,7
26-Mar-20,UN,0,0,0
26-Mar-20,UP,4,0,0
26-Mar-20,UT,0,0,0
26-Mar-20,WB,1,0,0
26-May-20,AN,0,0,0
26-May-20,AP,97,1,125
26-May-20,AR,0,0,0
26-May-20,AS,134,0,0
26-May-20,BR,231,1,67
26-May-20,CH,12,0,0
26-May-20,CT,68,0,12
26-May-20,DD,0,0,0
26-May-20,DL,412,12,183
26-May-20,DN,0,0,0
26-May-20,GA,0,0,9
26-May-20,GJ,361,27,501
26-May-20,HP,24,0,0
26-May-20,HR,92,0,22
26-May-20,JH,21,0,5
26-May-20,JK,91,1,24
26-May-20,KA,101,0,59
26-May-20,KL,67,1,10
26-May-20,LA,0,0,0
26-May-20,LD,0,0,0
26-May-20,MH,2091,97,1168
26-May-20,ML,5,0,0
26-May-20,MN,3,0,0
26-May-20,MP,165,5,118
26-May-20,MZ,0,0,0
26-May-20,NL,1,0,0
26-May-20,OR,79,0,84
26-May-20,PB,25,0,5
26-May-20,PY,0,0,0
26-May-20,RJ,236,3,220
26-May-20,SK,0,0,0
26-May-20,TG,112,1,120
26-May-20,TN,646,11,611
26-May-20,TR,34,0,0
26-May-20,TT,5907,173,3585
26-May-20,UN,328,0,0
26-May-20,UP,227,8,164
26-May-20,UT,51,0,6
26-May-20,WB,193,5,72
27-Apr-20,AN,0,0,0
27-Apr-20,AP,80,0,4
27-Apr-20,AR,0,0,0
27-Apr-20,AS,0,0,0
27-Apr-20,BR,69,0,0
27-Apr-20,CH,9,0,0
27-Apr-20,CT,0,0,0
27-Apr-20,DD,0,0,0
27-Apr-20,DL,190,0,0
27-Apr-20,DN,0,0,0
27-Apr-20,GA,0,0,0
27-Apr-20,GJ,247,11,81
27-Apr-20,HP,0,0,3
27-Apr-20,HR,5,0,14
27-Apr-20,JH,21,0,4
27-Apr-20,JK,23,1,27
27-Apr-20,KA,9,1,11
27-Apr-20,KL,13,0,13
27-Apr-20,LA,0,0,0
27-Apr-20,LD,0,0,0
27-Apr-20,MH,522,27,94
27-Apr-20,ML,0,0,0
27-Apr-20,MN,0,0,0
27-Apr-20,MP,75,7,55
27-Apr-20,MZ,0,0,0
27-Apr-20,NL,0,0,0
27-Apr-20,OR,15,0,2
27-Apr-20,PB,8,1,14
27-Apr-20,PY,0,0,1
27-Apr-20,RJ,77,9,115
27-Apr-20,SK,0,0,0
27-Apr-20,TG,2,0,16
27-Apr-20,TN,52,0,54
27-Apr-20,TR,0,0,0
27-Apr-20,TT,1568,58,580
27-Apr-20,UN,0,0,0
27-Apr-20,UP,113,1,72
27-Apr-20,UT,0,0,0
27-Apr-20,WB,38,0,0
27-Jun-20,AN,0,0,0
27-Jun-20,AP,796,11,284
27-Jun-20,AR,3,0,5
27-Jun-20,AS,246,1,567
27-Jun-20,BR,302,2,261
27-Jun-20,CH,3,0,0
27-Jun-20,CT,65,0,52
27-Jun-20,DD,0,0,0
27-Jun-20,DL,2948,66,2210
27-Jun-20,DN,15,0,6
27-Jun-20,GA,89,0,50
27-Jun-20,GJ,615,18,379
27-Jun-20,HP,30,0,7
27-Jun-20,HR,543,7,456
27-Jun-20,JH,45,0,77
27-Jun-20,JK,204,2,145
27-Jun-20,KA,918,11,371
27-Jun-20,KL,195,0,102
27-Jun-20,LA,14,0,87
27-Jun-20,LD,0,0,0
27-Jun-20,MH,6368,167,4430
27-Jun-20,ML,0,0,0
27-Jun-20,MN,17,0,39
27-Jun-20,MP,167,4,167
27-Jun-20,MZ,3,0,8
27-Jun-20,NL,16,0,2
27-Jun-20,OR,170,1,184
27-Jun-20,PB,99,6,119
27-Jun-20,PY,85,1,18
27-Jun-20,RJ,284,11,305
27-Jun-20,SK,0,0,10
27-Jun-20,TG,1087,6,162
27-Jun-20,TN,3713,68,2737
27-Jun-20,TR,9,0,16
27-Jun-20,TT,20142,414,14229
27-Jun-20,UN,-100,0,0
27-Jun-20,UP,606,19,632
27-Jun-20,UT,66,0,87
27-Jun-20,WB,521,13,254
27-Mar-20,AN,5,0,0
27-Mar-20,AP,2,0,0
27-Mar-20,AR,0,0,0
27-Mar-20,AS,0,0,0
27-Mar-20,BR,2,0,0
27-Mar-20,CH,1,0,0
27-Mar-20,CT,0,0,0
27-Mar-20,DD,0,0,0
27-Mar-20,DL,4,0,0
27-Mar-20,DN,0,0,0
27-Mar-20,GA,0,0,0
27-Mar-20,GJ,4,0,0
27-Mar-20,HP,0,0,1
27-Mar-20,HR,1,0,0
27-Mar-20,JH,0,0,0
27-Mar-20,JK,6,0,0
27-Mar-20,KA,9,1,2
27-Mar-20,KL,39,0,0
27-Mar-20,LA,0,0,3
27-Mar-20,LD,0,0,0
27-Mar-20,MH,31,1,18
27-Mar-20,ML,0,0,0
27-Mar-20,MN,0,0,0
27-Mar-20,MP,9,1,0
27-Mar-20,MZ,0,0,0
27-Mar-20,NL,0,0,0
27-Mar-20,OR,0,0,0
27-Mar-20,PB,5,0,1
27-Mar-20,PY,0,0,0
27-Mar-20,RJ,10,0,0
27-Mar-20,SK,0,0,0
27-Mar-20,TG,15,0,0
27-Mar-20,TN,9,0,1
27-Mar-20,TR,0,0,0
27-Mar-20,TT,164,3,26
27-Mar-20,UN,0,0,0
27-Mar-20,UP,7,0,0
27-Mar-20,UT,0,0,0
27-Mar-20,WB,5,0,0
27-May-20,AN,0,0,0
27-May-20,AP,134,1,48
27-May-20,AR,0,0,0
27-May-20,AS,101,0,25
27-May-20,BR,68,1,118
27-May-20,CH,1,0,0
27-May-20,CT,4,0,4
27-May-20,DD,0,0,0
27-May-20,DL,792,15,310
27-May-20,DN,0,0,0
27-May-20,GA,1,0,9
27-May-20,GJ,376,23,410
27-May-20,HP,26,2,3
27-May-20,HR,76,2,14
27-May-20,JH,7,0,0
27-May-20,JK,162,2,21
27-May-20,KA,135,3,17
27-May-20,KL,40,0,10
27-May-20,LA,1,0,0
27-May-20,LD,0,0,0
27-May-20,MH,2190,105,964
27-May-20,ML,0,0,0
27-May-20,MN,5,0,0
27-May-20,MP,237,8,238
27-May-20,MZ,0,0,0
27-May-20,NL,5,0,0
27-May-20,OR,76,0,79
27-May-20,PB,33,0,0
27-May-20,PY,0,0,0
27-May-20,RJ,280,3,286
27-May-20,SK,0,0,0
27-May-20,TG,107,6,37
27-May-20,TN,817,6,567
27-May-20,TR,10,0,0
27-May-20,TT,7246,188,3434
27-May-20,UN,1043,0,0
27-May-20,UP,267,5,167
27-May-20,UT,69,0,15
27-May-20,WB,183,6,92
28-Apr-20,AN,0,0,4
28-Apr-20,AP,82,0,23
28-Apr-20,AR,0,0,0
28-Apr-20,AS,2,0,0
28-Apr-20,BR,20,0,8
28-Apr-20,CH,11,0,0
28-Apr-20,CT,1,0,2
28-Apr-20,DD,0,0,0
28-Apr-20,DL,206,0,201
28-Apr-20,DN,0,0,0
28-Apr-20,GA,0,0,0
28-Apr-20,GJ,226,19,40
28-Apr-20,HP,0,0,0
28-Apr-20,HR,7,0,11
28-Apr-20,JH,2,0,2
28-Apr-20,JK,19,1,12
28-Apr-20,KA,11,0,14
28-Apr-20,KL,4,0,4
28-Apr-20,LA,2,0,0
28-Apr-20,LD,0,0,0
28-Apr-20,MH,728,31,106
28-Apr-20,ML,0,0,0
28-Apr-20,MN,0,0,0
28-Apr-20,MP,222,10,16
28-Apr-20,MZ,0,0,0
28-Apr-20,NL,0,0,0
28-Apr-20,OR,0,0,1
28-Apr-20,PB,12,0,3
28-Apr-20,PY,0,0,0
28-Apr-20,RJ,102,2,26
28-Apr-20,SK,0,0,0
28-Apr-20,TG,6,0,42
28-Apr-20,TN,121,1,54
28-Apr-20,TR,0,0,0
28-Apr-20,TT,1902,69,636
28-Apr-20,UN,0,0,0
28-Apr-20,UP,67,3,63
28-Apr-20,UT,3,0,0
28-Apr-20,WB,48,2,4
28-Jun-20,AN,11,0,2
28-Jun-20,AP,813,12,428
28-Jun-20,AR,5,0,6
28-Jun-20,AS,327,1,274
28-Jun-20,BR,244,4,226
28-Jun-20,CH,3,0,1
28-Jun-20,CT,84,0,125
28-Jun-20,DD,0,0,0
28-Jun-20,DL,2889,65,3306
28-Jun-20,DN,4,0,13
28-Jun-20,GA,70,1,58
28-Jun-20,GJ,624,19,391
28-Jun-20,HP,22,0,17
28-Jun-20,HR,402,5,445
28-Jun-20,JH,25,0,69
28-Jun-20,JK,127,1,91
28-Jun-20,KA,1267,16,220
28-Jun-20,KL,118,0,42
28-Jun-20,LA,3,0,32
28-Jun-20,LD,0,0,0
28-Jun-20,MH,5493,156,2330
28-Jun-20,ML,2,0,0
28-Jun-20,MN,93,0,23
28-Jun-20,MP,221,7,113
28-Jun-20,MZ,1,0,0
28-Jun-20,NL,28,0,0
28-Jun-20,OR,264,3,137
28-Jun-20,PB,160,5,206
28-Jun-20,PY,29,1,31
28-Jun-20,RJ,327,8,244
28-Jun-20,SK,1,0,0
28-Jun-20,TG,983,4,244
28-Jun-20,TN,3940,54,1443
28-Jun-20,TR,12,0,8
28-Jun-20,TT,19610,384,11631
28-Jun-20,UN,-184,0,0
28-Jun-20,UP,598,11,593
28-Jun-20,UT,32,1,109
28-Jun-20,WB,572,10,404
28-Mar-20,AN,3,0,0
28-Mar-20,AP,6,0,0
28-Mar-20,AR,0,0,0
28-Mar-20,AS,0,0,0
28-Mar-20,BR,2,0,0
28-Mar-20,CH,0,0,0
28-Mar-20,CT,1,0,0
28-Mar-20,DD,0,0,0
28-Mar-20,DL,9,0,0
28-Mar-20,DN,0,0,0
28-Mar-20,GA,0,0,0
28-Mar-20,GJ,8,1,0
28-Mar-20,HP,0,0,1
28-Mar-20,HR,2,0,0
28-Mar-20,JH,0,0,0
28-Mar-20,JK,13,0,0
28-Mar-20,KA,17,0,0
28-Mar-20,KL,6,1,1
28-Mar-20,LA,0,0,0
28-Mar-20,LD,0,0,0
28-Mar-20,MH,30,2,6
28-Mar-20,ML,0,0,0
28-Mar-20,MN,0,0,0
28-Mar-20,MP,10,0,0
28-Mar-20,MZ,0,0,0
28-Mar-20,NL,0,0,0
28-Mar-20,OR,0,0,0
28-Mar-20,PB,0,0,0
28-Mar-20,PY,0,0,0
28-Mar-20,RJ,4,0,0
28-Mar-20,SK,0,0,0
28-Mar-20,TG,8,1,0
28-Mar-20,TN,4,0,0
28-Mar-20,TR,0,0,0
28-Mar-20,TT,143,5,9
28-Mar-20,UN,0,0,0
28-Mar-20,UP,16,0,0
28-Mar-20,UT,1,0,1
28-Mar-20,WB,3,0,0
28-May-20,AN,0,0,0
28-May-20,AP,128,1,68
28-May-20,AR,1,0,0
28-May-20,AS,97,0,16
28-May-20,BR,149,0,132
28-May-20,CH,10,0,2
28-May-20,CT,34,0,0
28-May-20,DD,0,0,0
28-May-20,DL,1024,13,231
28-May-20,DN,0,0,0
28-May-20,GA,1,0,1
28-May-20,GJ,367,22,454
28-May-20,HP,8,0,7
28-May-20,HR,123,1,43
28-May-20,JH,6,0,0
28-May-20,JK,115,1,5
28-May-20,KA,115,0,53
28-May-20,KL,85,1,3
28-May-20,LA,20,0,0
28-May-20,LD,0,0,0
28-May-20,MH,2598,85,698
28-May-20,ML,1,0,0
28-May-20,MN,11,0,0
28-May-20,MP,192,8,123
28-May-20,MZ,0,0,0
28-May-20,NL,9,0,0
28-May-20,OR,67,0,75
28-May-20,PB,19,0,28
28-May-20,PY,4,0,0
28-May-20,RJ,251,7,253
28-May-20,SK,0,0,0
28-May-20,TG,117,4,24
28-May-20,TN,827,12,639
28-May-20,TR,2,0,2
28-May-20,TT,7254,176,3171
28-May-20,UN,319,0,0
28-May-20,UP,179,15,224
28-May-20,UT,31,0,0
28-May-20,WB,344,6,90
29-Apr-20,AN,0,0,0
29-Apr-20,AP,73,0,29
29-Apr-20,AR,0,0,0
29-Apr-20,AS,0,0,2
29-Apr-20,BR,37,0,0
29-Apr-20,CH,12,0,0
29-Apr-20,CT,0,0,0
29-Apr-20,DD,0,0,0
29-Apr-20,DL,125,2,14
29-Apr-20,DN,0,0,0
29-Apr-20,GA,0,0,0
29-Apr-20,GJ,308,16,93
29-Apr-20,HP,0,0,0
29-Apr-20,HR,3,0,1
29-Apr-20,JH,2,0,0
29-Apr-20,JK,16,0,16
29-Apr-20,KA,12,1,9
29-Apr-20,KL,10,0,10
29-Apr-20,LA,0,0,1
29-Apr-20,LD,0,0,0
29-Apr-20,MH,597,32,205
29-Apr-20,ML,0,0,0
29-Apr-20,MN,0,0,0
29-Apr-20,MP,173,10,88
29-Apr-20,MZ,0,0,0
29-Apr-20,NL,0,0,0
29-Apr-20,OR,7,0,1
29-Apr-20,PB,33,0,0
29-Apr-20,PY,0,0,0
29-Apr-20,RJ,76,3,44
29-Apr-20,SK,0,0,0
29-Apr-20,TG,7,0,35
29-Apr-20,TN,104,2,82
29-Apr-20,TR,0,0,0
29-Apr-20,TT,1705,71,690
29-Apr-20,UN,0,0,0
29-Apr-20,UP,81,5,48
29-Apr-20,UT,1,0,2
29-Apr-20,WB,28,0,10
29-Jun-20,AN,7,0,0
29-Jun-20,AP,793,11,324
29-Jun-20,AR,5,0,1
29-Jun-20,AS,302,0,245
29-Jun-20,BR,394,1,218
29-Jun-20,CH,3,0,13
29-Jun-20,CT,101,0,88
29-Jun-20,DD,0,0,0
29-Jun-20,DL,2084,57,3628
29-Jun-20,DN,15,0,6
29-Jun-20,GA,53,0,46
29-Jun-20,GJ,626,19,440
29-Jun-20,HP,26,0,38
29-Jun-20,HR,381,9,585
29-Jun-20,JH,62,3,56
29-Jun-20,JK,144,1,269
29-Jun-20,KA,1105,19,176
29-Jun-20,KL,122,1,79
29-Jun-20,LA,1,0,30
29-Jun-20,LD,0,0,0
29-Jun-20,MH,5257,181,2385
29-Jun-20,ML,1,0,0
29-Jun-20,MN,42,0,39
29-Jun-20,MP,184,7,115
29-Jun-20,MZ,0,0,6
29-Jun-20,NL,36,0,4
29-Jun-20,OR,245,2,203
29-Jun-20,PB,202,5,238
29-Jun-20,PY,42,0,10
29-Jun-20,RJ,389,6,310
29-Jun-20,SK,0,0,0
29-Jun-20,TG,975,6,410
29-Jun-20,TN,3949,62,2212
29-Jun-20,TR,34,0,6
29-Jun-20,TT,18339,417,13497
29-Jun-20,UN,-554,0,0
29-Jun-20,UP,681,12,698
29-Jun-20,UT,8,1,93
29-Jun-20,WB,624,14,526
29-Mar-20,AN,0,0,0
29-Mar-20,AP,2,0,0
29-Mar-20,AR,0,0,0
29-Mar-20,AS,0,0,0
29-Mar-20,BR,4,0,0
29-Mar-20,CH,0,0,0
29-Mar-20,CT,0,0,0
29-Mar-20,DD,0,0,0
29-Mar-20,DL,23,1,0
29-Mar-20,DN,0,0,0
29-Mar-20,GA,2,0,0
29-Mar-20,GJ,8,1,1
29-Mar-20,HP,0,0,0
29-Mar-20,HR,0,0,0
29-Mar-20,JH,0,0,0
29-Mar-20,JK,5,0,0
29-Mar-20,KA,2,0,0
29-Mar-20,KL,20,0,4
29-Mar-20,LA,0,0,0
29-Mar-20,LD,0,0,0
29-Mar-20,MH,17,1,0
29-Mar-20,ML,0,0,0
29-Mar-20,MN,0,0,0
29-Mar-20,MP,0,0,0
29-Mar-20,MZ,0,0,0
29-Mar-20,NL,0,0,0
29-Mar-20,OR,0,0,0
29-Mar-20,PB,0,0,0
29-Mar-20,PY,0,0,0
29-Mar-20,RJ,5,0,0
29-Mar-20,SK,0,0,0
29-Mar-20,TG,3,0,0
29-Mar-20,TN,8,0,0
29-Mar-20,TR,0,0,0
29-Mar-20,TT,110,3,5
29-Mar-20,UN,0,0,0
29-Mar-20,UP,7,0,0
29-Mar-20,UT,1,0,0
29-Mar-20,WB,3,0,0
29-May-20,AN,0,0,0
29-May-20,AP,85,1,101
29-May-20,AR,0,0,0
29-May-20,AS,177,0,22
29-May-20,BR,174,0,159
29-May-20,CH,0,0,0
29-May-20,CT,17,1,17
29-May-20,DD,0,0,0
29-May-20,DL,1105,82,351
29-May-20,DN,0,0,0
29-May-20,GA,0,0,3
29-May-20,GJ,372,20,608
29-May-20,HP,14,0,10
29-May-20,HR,217,0,59
29-May-20,JH,82,1,63
29-May-20,JK,128,1,16
29-May-20,KA,248,1,60
29-May-20,KL,62,1,10
29-May-20,LA,0,0,0
29-May-20,LD,0,0,0
29-May-20,MH,2682,116,8381
29-May-20,ML,6,0,0
29-May-20,MN,4,0,2
29-May-20,MP,192,13,219
29-May-20,MZ,0,0,0
29-May-20,NL,7,0,0
29-May-20,OR,63,2,90
29-May-20,PB,39,2,3
29-May-20,PY,4,0,6
29-May-20,RJ,298,4,429
29-May-20,SK,0,0,0
29-May-20,TG,169,4,36
29-May-20,TN,874,9,765
29-May-20,TR,10,0,0
29-May-20,TT,8138,269,11735
29-May-20,UN,341,0,0
29-May-20,UP,275,4,195
29-May-20,UT,216,0,23
29-May-20,WB,277,7,107
30-Apr-20,AN,0,0,1
30-Apr-20,AP,71,0,34
30-Apr-20,AR,0,0,0
30-Apr-20,AS,5,0,0
30-Apr-20,BR,22,0,20
30-Apr-20,CH,6,0,1
30-Apr-20,CT,2,0,2
30-Apr-20,DD,0,0,0
30-Apr-20,DL,76,3,2
30-Apr-20,DN,0,0,0
30-Apr-20,GA,0,0,0
30-Apr-20,GJ,313,17,86
30-Apr-20,HP,0,0,3
30-Apr-20,HR,28,1,10
30-Apr-20,JH,3,0,0
30-Apr-20,JK,33,0,24
30-Apr-20,KA,30,1,13
30-Apr-20,KL,2,0,14
30-Apr-20,LA,0,0,0
30-Apr-20,LD,0,0,0
30-Apr-20,MH,583,27,180
30-Apr-20,ML,0,0,0
30-Apr-20,MN,0,0,0
30-Apr-20,MP,65,7,21
30-Apr-20,MZ,0,0,0
30-Apr-20,NL,0,0,0
30-Apr-20,OR,18,0,2
30-Apr-20,PB,105,1,3
30-Apr-20,PY,0,0,0
30-Apr-20,RJ,144,3,79
30-Apr-20,SK,0,0,0
30-Apr-20,TG,22,3,33
30-Apr-20,TN,161,0,48
30-Apr-20,TR,1,0,0
30-Apr-20,TT,1802,75,630
30-Apr-20,UN,0,0,0
30-Apr-20,UP,77,1,41
30-Apr-20,UT,2,0,8
30-Apr-20,WB,33,11,5
30-Jun-20,AN,7,0,0
30-Jun-20,AP,704,7,279
30-Jun-20,AR,4,0,1
30-Jun-20,AS,613,1,314
30-Jun-20,BR,370,5,170
30-Jun-20,CH,6,0,15
30-Jun-20,CT,63,0,100
30-Jun-20,DD,0,0,0
30-Jun-20,DL,2199,62,2113
30-Jun-20,DN,10,0,7
30-Jun-20,GA,64,0,72
30-Jun-20,GJ,620,20,422
30-Jun-20,HP,11,1,19
30-Jun-20,HR,338,4,470
30-Jun-20,JH,64,0,35
30-Jun-20,JK,260,6,137
30-Jun-20,KA,947,20,235
30-Jun-20,KL,131,1,75
30-Jun-20,LA,9,0,32
30-Jun-20,LD,0,0,0
30-Jun-20,MH,4878,245,1951
30-Jun-20,ML,2,0,0
30-Jun-20,MN,7,0,59
30-Jun-20,MP,223,8,196
30-Jun-20,MZ,9,0,61
30-Jun-20,NL,8,0,0
30-Jun-20,OR,206,2,243
30-Jun-20,PB,150,6,103
30-Jun-20,PY,24,1,10
30-Jun-20,RJ,348,8,299
30-Jun-20,SK,0,0,1
30-Jun-20,TG,945,7,1712
30-Jun-20,TN,3943,60,2325
30-Jun-20,TR,8,0,0
30-Jun-20,TT,18256,506,12565
30-Jun-20,UN,-281,0,0
30-Jun-20,UP,664,25,578
30-Jun-20,UT,50,2,120
30-Jun-20,WB,652,15,411
30-Mar-20,AN,1,0,0
30-Mar-20,AP,2,0,0
30-Mar-20,AR,0,0,0
30-Mar-20,AS,0,0,0
30-Mar-20,BR,0,0,0
30-Mar-20,CH,5,0,0
30-Mar-20,CT,1,0,0
30-Mar-20,DD,0,0,0
30-Mar-20,DL,25,0,0
30-Mar-20,DN,0,0,0
30-Mar-20,GA,0,0,0
30-Mar-20,GJ,7,1,2
30-Mar-20,HP,0,0,0
30-Mar-20,HR,1,0,6
30-Mar-20,JH,0,0,0
30-Mar-20,JK,11,0,0
30-Mar-20,KA,5,0,1
30-Mar-20,KL,32,0,4
30-Mar-20,LA,0,0,0
30-Mar-20,LD,0,0,0
30-Mar-20,MH,17,2,14
30-Mar-20,ML,0,0,0
30-Mar-20,MN,0,0,0
30-Mar-20,MP,8,2,0
30-Mar-20,MZ,0,0,0
30-Mar-20,NL,0,0,0
30-Mar-20,OR,0,0,0
30-Mar-20,PB,3,2,0
30-Mar-20,PY,0,0,0
30-Mar-20,RJ,20,0,0
30-Mar-20,SK,0,0,0
30-Mar-20,TG,7,5,13
30-Mar-20,TN,17,0,2
30-Mar-20,TR,0,0,0
30-Mar-20,TT,187,13,49
30-Mar-20,UN,0,0,0
30-Mar-20,UP,24,0,6
30-Mar-20,UT,0,0,1
30-Mar-20,WB,1,1,0
30-May-20,AN,0,0,0
30-May-20,AP,131,0,55
30-May-20,AR,1,0,0
30-May-20,AS,159,0,38
30-May-20,BR,206,6,102
30-May-20,CH,0,0,10
30-May-20,CT,32,0,2
30-May-20,DD,0,0,0
30-May-20,DL,1163,18,229
30-May-20,DN,0,0,0
30-May-20,GA,1,0,1
30-May-20,GJ,412,27,621
30-May-20,HP,18,0,24
30-May-20,HR,202,1,31
30-May-20,JH,73,0,40
30-May-20,JK,177,0,33
30-May-20,KA,141,1,103
30-May-20,KL,58,1,10
30-May-20,LA,3,0,0
30-May-20,LD,0,0,0
30-May-20,MH,2940,99,1084
30-May-20,ML,0,0,0
30-May-20,MN,1,0,0
30-May-20,MP,246,9,175
30-May-20,MZ,0,0,0
30-May-20,NL,11,0,0
30-May-20,OR,96,0,73
30-May-20,PB,36,2,18
30-May-20,PY,0,0,0
30-May-20,RJ,252,9,495
30-May-20,SK,0,0,0
30-May-20,TG,74,6,31
30-May-20,TN,938,6,687
30-May-20,TR,17,0,5
30-May-20,TT,8364,205,4303
30-May-20,UN,370,0,0
30-May-20,UP,256,12,241
30-May-20,UT,33,1,0
30-May-20,WB,317,7,195
31-Mar-20,AN,0,0,0
31-Mar-20,AP,21,0,0
31-Mar-20,AR,0,0,0
31-Mar-20,AS,1,0,0
31-Mar-20,BR,6,0,0
31-Mar-20,CH,2,0,0
31-Mar-20,CT,1,0,2
31-Mar-20,DD,0,0,0
31-Mar-20,DL,23,0,0
31-Mar-20,DN,0,0,0
31-Mar-20,GA,0,0,0
31-Mar-20,GJ,4,0,2
31-Mar-20,HP,0,0,0
31-Mar-20,HR,7,0,0
31-Mar-20,JH,1,0,0
31-Mar-20,JK,6,1,0
31-Mar-20,KA,13,0,2
31-Mar-20,KL,7,1,4
31-Mar-20,LA,0,0,0
31-Mar-20,LD,0,0,0
31-Mar-20,MH,82,1,0
31-Mar-20,ML,0,0,0
31-Mar-20,MN,0,0,0
31-Mar-20,MP,19,1,0
31-Mar-20,MZ,0,0,0
31-Mar-20,NL,0,0,0
31-Mar-20,OR,1,0,0
31-Mar-20,PB,1,1,0
31-Mar-20,PY,0,0,0
31-Mar-20,RJ,14,0,0
31-Mar-20,SK,0,0,0
31-Mar-20,TG,20,0,0
31-Mar-20,TN,57,0,2
31-Mar-20,TR,0,0,0
31-Mar-20,TT,309,6,15
31-Mar-20,UN,0,0,0
31-Mar-20,UP,8,0,0
31-Mar-20,UT,0,0,0
31-Mar-20,WB,15,1,3
31-May-20,AN,0,0,0
31-May-20,AP,110,2,51
31-May-20,AR,0,0,0
31-May-20,AS,123,0,22
31-May-20,BR,242,2,209
31-May-20,CH,4,0,0
31-May-20,CT,51,0,12
31-May-20,DD,0,0,0
31-May-20,DL,1295,57,403
31-May-20,DN,0,0,0
31-May-20,GA,1,0,2
31-May-20,GJ,438,31,689
31-May-20,HP,18,0,9
31-May-20,HR,168,0,77
31-May-20,JH,41,0,0
31-May-20,JK,105,0,19
31-May-20,KA,299,2,221
31-May-20,KL,61,0,15
31-May-20,LA,0,0,4
31-May-20,LD,0,0,0
31-May-20,MH,2487,89,1248
31-May-20,ML,0,0,0
31-May-20,MN,11,0,5
31-May-20,MP,198,7,398
31-May-20,MZ,0,0,0
31-May-20,NL,7,0,0
31-May-20,OR,129,0,76
31-May-20,PB,30,1,20
31-May-20,PY,13,0,2
31-May-20,RJ,214,1,293
31-May-20,SK,0,0,0
31-May-20,TG,199,5,16
31-May-20,TN,1149,13,757
31-May-20,TR,45,0,1
31-May-20,TT,8789,222,4928
31-May-20,UN,448,0,0
31-May-20,UP,374,4,192
31-May-20,UT,158,0,0
31-May-20,WB,371,8,187
